Fold,Split,CaseID
1,train,24
1,train,25
1,train,26
1,train,28
1,train,29
1,train,30
1,train,31
1,train,33
1,train,34
1,train,35
1,train,36
1,train,37
1,train,38
1,train,39
1,train,40
1,train,41
1,train,42
1,train,43
1,train,45
1,train,46
1,train,48
1,train,49
1,train,50
1,train,51
1,train,52
1,train,53
1,train,55
1,train,56
1,train,57
1,train,58
1,train,60
1,train,61
1,train,63
1,train,65
1,train,66
1,train,67
1,train,68
1,train,69
1,train,70
1,train,71
1,train,72
1,train,74
1,train,75
1,train,76
1,train,77
1,train,78
1,train,103
1,train,104
1,train,105
1,train,106
1,train,107
1,train,109
1,train,110
1,train,111
1,train,112
1,train,113
1,train,114
1,train,115
1,train,116
1,train,118
1,train,119
1,train,121
1,train,122
1,train,123
1,train,125
1,train,126
1,train,127
1,train,128
1,train,129
1,train,130
1,train,131
1,train,132
1,train,133
1,train,134
1,train,135
1,train,136
1,train,137
1,train,138
1,train,139
1,train,140
1,train,141
1,train,142
1,train,143
1,train,144
1,train,145
1,train,146
1,train,147
1,train,148
1,train,150
1,train,152
1,train,153
1,train,154
1,train,155
1,train,156
1,train,158
1,train,182
1,train,183
1,train,184
1,train,185
1,train,186
1,train,187
1,train,188
1,train,189
1,train,191
1,train,192
1,train,194
1,train,195
1,train,196
1,train,198
1,train,199
1,train,200
1,train,201
1,train,202
1,train,203
1,train,205
1,train,206
1,train,207
1,train,208
1,train,210
1,train,212
1,train,213
1,train,214
1,train,215
1,train,216
1,train,217
1,train,218
1,train,219
1,train,221
1,train,222
1,train,223
1,train,224
1,train,226
1,train,227
1,train,228
1,train,229
1,train,230
1,train,232
1,train,233
1,train,234
1,train,236
1,train,237
1,train,261
1,train,262
1,train,263
1,train,264
1,train,265
1,train,266
1,train,267
1,train,268
1,train,269
1,train,270
1,train,271
1,train,274
1,train,276
1,train,277
1,train,278
1,train,279
1,train,281
1,train,282
1,train,283
1,train,284
1,train,286
1,train,287
1,train,288
1,train,290
1,train,291
1,train,294
1,train,296
1,train,297
1,train,300
1,train,301
1,train,303
1,train,304
1,train,305
1,train,306
1,train,307
1,train,308
1,train,310
1,train,311
1,train,312
1,train,313
1,train,314
1,train,315
1,train,340
1,train,341
1,train,344
1,train,345
1,train,346
1,train,347
1,train,349
1,train,350
1,train,352
1,train,353
1,train,354
1,train,355
1,train,357
1,train,358
1,train,359
1,train,361
1,train,364
1,train,365
1,train,366
1,train,367
1,train,368
1,train,369
1,train,370
1,train,371
1,train,372
1,train,373
1,train,374
1,train,375
1,train,376
1,train,377
1,train,378
1,train,379
1,train,380
1,train,381
1,train,382
1,train,383
1,train,384
1,train,385
1,train,386
1,train,388
1,train,389
1,train,390
1,train,391
1,train,393
1,train,394
1,train,395
1,train,419
1,train,421
1,train,422
1,train,424
1,train,425
1,train,426
1,train,427
1,train,428
1,train,429
1,train,431
1,train,434
1,train,436
1,train,439
1,train,441
1,train,442
1,train,443
1,train,444
1,train,446
1,train,451
1,train,452
1,train,453
1,train,454
1,train,455
1,train,456
1,train,459
1,train,460
1,train,462
1,train,463
1,train,464
1,train,466
1,train,467
1,train,468
1,train,469
1,train,470
1,train,471
1,train,472
1,train,498
1,train,499
1,train,500
1,train,501
1,train,503
1,train,504
1,train,505
1,train,506
1,train,508
1,train,509
1,train,510
1,train,511
1,train,512
1,train,513
1,train,514
1,train,515
1,train,516
1,train,519
1,train,520
1,train,521
1,train,522
1,train,523
1,train,524
1,train,525
1,train,526
1,train,527
1,train,528
1,train,529
1,train,530
1,train,531
1,train,532
1,train,533
1,train,536
1,train,537
1,train,538
1,train,539
1,train,540
1,train,541
1,train,542
1,train,543
1,train,544
1,train,546
1,train,547
1,train,548
1,train,549
1,train,550
1,train,551
1,train,553
1,test,27
1,test,32
1,test,44
1,test,47
1,test,54
1,test,59
1,test,62
1,test,64
1,test,73
1,test,79
1,test,108
1,test,117
1,test,120
1,test,124
1,test,149
1,test,151
1,test,157
1,test,190
1,test,193
1,test,197
1,test,204
1,test,209
1,test,211
1,test,220
1,test,225
1,test,231
1,test,235
1,test,272
1,test,273
1,test,275
1,test,280
1,test,285
1,test,289
1,test,292
1,test,293
1,test,295
1,test,298
1,test,299
1,test,302
1,test,309
1,test,316
1,test,342
1,test,343
1,test,348
1,test,351
1,test,356
1,test,360
1,test,362
1,test,363
1,test,387
1,test,392
1,test,420
1,test,423
1,test,430
1,test,432
1,test,433
1,test,435
1,test,437
1,test,438
1,test,440
1,test,445
1,test,447
1,test,448
1,test,449
1,test,450
1,test,457
1,test,458
1,test,461
1,test,465
1,test,473
1,test,474
1,test,502
1,test,507
1,test,517
1,test,518
1,test,534
1,test,535
1,test,545
1,test,552
2,train,24
2,train,25
2,train,27
2,train,28
2,train,29
2,train,31
2,train,32
2,train,33
2,train,34
2,train,35
2,train,36
2,train,37
2,train,38
2,train,39
2,train,40
2,train,41
2,train,42
2,train,43
2,train,44
2,train,45
2,train,46
2,train,47
2,train,49
2,train,52
2,train,53
2,train,54
2,train,56
2,train,57
2,train,58
2,train,59
2,train,62
2,train,63
2,train,64
2,train,65
2,train,66
2,train,69
2,train,70
2,train,72
2,train,73
2,train,74
2,train,76
2,train,77
2,train,78
2,train,79
2,train,103
2,train,104
2,train,105
2,train,106
2,train,107
2,train,108
2,train,109
2,train,111
2,train,112
2,train,113
2,train,114
2,train,115
2,train,116
2,train,117
2,train,118
2,train,119
2,train,120
2,train,121
2,train,124
2,train,125
2,train,126
2,train,128
2,train,129
2,train,131
2,train,133
2,train,134
2,train,135
2,train,136
2,train,137
2,train,138
2,train,139
2,train,141
2,train,142
2,train,143
2,train,144
2,train,145
2,train,146
2,train,147
2,train,148
2,train,149
2,train,151
2,train,152
2,train,153
2,train,154
2,train,155
2,train,156
2,train,157
2,train,158
2,train,183
2,train,185
2,train,187
2,train,188
2,train,190
2,train,191
2,train,192
2,train,193
2,train,194
2,train,195
2,train,196
2,train,197
2,train,199
2,train,200
2,train,201
2,train,202
2,train,203
2,train,204
2,train,205
2,train,207
2,train,208
2,train,209
2,train,211
2,train,212
2,train,214
2,train,215
2,train,216
2,train,218
2,train,219
2,train,220
2,train,222
2,train,224
2,train,225
2,train,226
2,train,227
2,train,228
2,train,229
2,train,230
2,train,231
2,train,232
2,train,233
2,train,234
2,train,235
2,train,236
2,train,237
2,train,261
2,train,263
2,train,264
2,train,265
2,train,268
2,train,269
2,train,270
2,train,271
2,train,272
2,train,273
2,train,274
2,train,275
2,train,276
2,train,277
2,train,278
2,train,279
2,train,280
2,train,282
2,train,283
2,train,285
2,train,286
2,train,289
2,train,290
2,train,291
2,train,292
2,train,293
2,train,294
2,train,295
2,train,296
2,train,297
2,train,298
2,train,299
2,train,300
2,train,301
2,train,302
2,train,303
2,train,304
2,train,305
2,train,306
2,train,307
2,train,308
2,train,309
2,train,310
2,train,311
2,train,312
2,train,314
2,train,315
2,train,316
2,train,340
2,train,341
2,train,342
2,train,343
2,train,345
2,train,346
2,train,347
2,train,348
2,train,349
2,train,350
2,train,351
2,train,353
2,train,355
2,train,356
2,train,359
2,train,360
2,train,361
2,train,362
2,train,363
2,train,364
2,train,365
2,train,367
2,train,370
2,train,371
2,train,373
2,train,374
2,train,377
2,train,378
2,train,379
2,train,380
2,train,381
2,train,383
2,train,384
2,train,385
2,train,386
2,train,387
2,train,388
2,train,390
2,train,391
2,train,392
2,train,394
2,train,395
2,train,419
2,train,420
2,train,421
2,train,422
2,train,423
2,train,424
2,train,425
2,train,426
2,train,427
2,train,428
2,train,429
2,train,430
2,train,431
2,train,432
2,train,433
2,train,434
2,train,435
2,train,436
2,train,437
2,train,438
2,train,439
2,train,440
2,train,442
2,train,443
2,train,445
2,train,446
2,train,447
2,train,448
2,train,449
2,train,450
2,train,451
2,train,452
2,train,454
2,train,456
2,train,457
2,train,458
2,train,459
2,train,461
2,train,463
2,train,465
2,train,467
2,train,468
2,train,470
2,train,473
2,train,474
2,train,498
2,train,499
2,train,500
2,train,502
2,train,503
2,train,504
2,train,505
2,train,506
2,train,507
2,train,508
2,train,511
2,train,512
2,train,513
2,train,516
2,train,517
2,train,518
2,train,519
2,train,521
2,train,523
2,train,525
2,train,526
2,train,527
2,train,528
2,train,529
2,train,530
2,train,531
2,train,533
2,train,534
2,train,535
2,train,536
2,train,538
2,train,539
2,train,542
2,train,543
2,train,545
2,train,546
2,train,547
2,train,548
2,train,550
2,train,551
2,train,552
2,test,26
2,test,30
2,test,48
2,test,50
2,test,51
2,test,55
2,test,60
2,test,61
2,test,67
2,test,68
2,test,71
2,test,75
2,test,110
2,test,122
2,test,123
2,test,127
2,test,130
2,test,132
2,test,140
2,test,150
2,test,182
2,test,184
2,test,186
2,test,189
2,test,198
2,test,206
2,test,210
2,test,213
2,test,217
2,test,221
2,test,223
2,test,262
2,test,266
2,test,267
2,test,281
2,test,284
2,test,287
2,test,288
2,test,313
2,test,344
2,test,352
2,test,354
2,test,357
2,test,358
2,test,366
2,test,368
2,test,369
2,test,372
2,test,375
2,test,376
2,test,382
2,test,389
2,test,393
2,test,441
2,test,444
2,test,453
2,test,455
2,test,460
2,test,462
2,test,464
2,test,466
2,test,469
2,test,471
2,test,472
2,test,501
2,test,509
2,test,510
2,test,514
2,test,515
2,test,520
2,test,522
2,test,524
2,test,532
2,test,537
2,test,540
2,test,541
2,test,544
2,test,549
2,test,553
3,train,24
3,train,26
3,train,27
3,train,30
3,train,31
3,train,32
3,train,34
3,train,35
3,train,36
3,train,38
3,train,41
3,train,42
3,train,43
3,train,44
3,train,47
3,train,48
3,train,49
3,train,50
3,train,51
3,train,52
3,train,54
3,train,55
3,train,56
3,train,59
3,train,60
3,train,61
3,train,62
3,train,63
3,train,64
3,train,65
3,train,66
3,train,67
3,train,68
3,train,69
3,train,71
3,train,72
3,train,73
3,train,75
3,train,77
3,train,78
3,train,79
3,train,104
3,train,107
3,train,108
3,train,109
3,train,110
3,train,112
3,train,114
3,train,115
3,train,117
3,train,120
3,train,121
3,train,122
3,train,123
3,train,124
3,train,125
3,train,126
3,train,127
3,train,129
3,train,130
3,train,131
3,train,132
3,train,136
3,train,137
3,train,138
3,train,139
3,train,140
3,train,141
3,train,142
3,train,143
3,train,144
3,train,146
3,train,147
3,train,148
3,train,149
3,train,150
3,train,151
3,train,152
3,train,153
3,train,154
3,train,155
3,train,157
3,train,158
3,train,182
3,train,183
3,train,184
3,train,185
3,train,186
3,train,187
3,train,188
3,train,189
3,train,190
3,train,191
3,train,192
3,train,193
3,train,195
3,train,196
3,train,197
3,train,198
3,train,199
3,train,200
3,train,201
3,train,202
3,train,203
3,train,204
3,train,205
3,train,206
3,train,209
3,train,210
3,train,211
3,train,212
3,train,213
3,train,215
3,train,216
3,train,217
3,train,218
3,train,219
3,train,220
3,train,221
3,train,222
3,train,223
3,train,224
3,train,225
3,train,226
3,train,227
3,train,228
3,train,230
3,train,231
3,train,232
3,train,233
3,train,235
3,train,236
3,train,261
3,train,262
3,train,264
3,train,265
3,train,266
3,train,267
3,train,268
3,train,269
3,train,271
3,train,272
3,train,273
3,train,274
3,train,275
3,train,276
3,train,277
3,train,279
3,train,280
3,train,281
3,train,282
3,train,283
3,train,284
3,train,285
3,train,286
3,train,287
3,train,288
3,train,289
3,train,290
3,train,291
3,train,292
3,train,293
3,train,295
3,train,297
3,train,298
3,train,299
3,train,301
3,train,302
3,train,303
3,train,305
3,train,307
3,train,308
3,train,309
3,train,310
3,train,313
3,train,314
3,train,316
3,train,340
3,train,341
3,train,342
3,train,343
3,train,344
3,train,345
3,train,348
3,train,349
3,train,350
3,train,351
3,train,352
3,train,353
3,train,354
3,train,356
3,train,357
3,train,358
3,train,359
3,train,360
3,train,361
3,train,362
3,train,363
3,train,364
3,train,366
3,train,367
3,train,368
3,train,369
3,train,372
3,train,375
3,train,376
3,train,378
3,train,379
3,train,380
3,train,381
3,train,382
3,train,383
3,train,384
3,train,385
3,train,386
3,train,387
3,train,388
3,train,389
3,train,390
3,train,391
3,train,392
3,train,393
3,train,395
3,train,420
3,train,421
3,train,422
3,train,423
3,train,424
3,train,425
3,train,426
3,train,427
3,train,428
3,train,430
3,train,432
3,train,433
3,train,434
3,train,435
3,train,437
3,train,438
3,train,439
3,train,440
3,train,441
3,train,442
3,train,443
3,train,444
3,train,445
3,train,446
3,train,447
3,train,448
3,train,449
3,train,450
3,train,451
3,train,452
3,train,453
3,train,454
3,train,455
3,train,457
3,train,458
3,train,459
3,train,460
3,train,461
3,train,462
3,train,463
3,train,464
3,train,465
3,train,466
3,train,467
3,train,468
3,train,469
3,train,470
3,train,471
3,train,472
3,train,473
3,train,474
3,train,499
3,train,500
3,train,501
3,train,502
3,train,505
3,train,506
3,train,507
3,train,509
3,train,510
3,train,512
3,train,513
3,train,514
3,train,515
3,train,517
3,train,518
3,train,520
3,train,522
3,train,523
3,train,524
3,train,527
3,train,528
3,train,529
3,train,530
3,train,531
3,train,532
3,train,534
3,train,535
3,train,537
3,train,538
3,train,540
3,train,541
3,train,542
3,train,543
3,train,544
3,train,545
3,train,549
3,train,550
3,train,551
3,train,552
3,train,553
3,test,25
3,test,28
3,test,29
3,test,33
3,test,37
3,test,39
3,test,40
3,test,45
3,test,46
3,test,53
3,test,57
3,test,58
3,test,70
3,test,74
3,test,76
3,test,103
3,test,105
3,test,106
3,test,111
3,test,113
3,test,116
3,test,118
3,test,119
3,test,128
3,test,133
3,test,134
3,test,135
3,test,145
3,test,156
3,test,194
3,test,207
3,test,208
3,test,214
3,test,229
3,test,234
3,test,237
3,test,263
3,test,270
3,test,278
3,test,294
3,test,296
3,test,300
3,test,304
3,test,306
3,test,311
3,test,312
3,test,315
3,test,346
3,test,347
3,test,355
3,test,365
3,test,370
3,test,371
3,test,373
3,test,374
3,test,377
3,test,394
3,test,419
3,test,429
3,test,431
3,test,436
3,test,456
3,test,498
3,test,503
3,test,504
3,test,508
3,test,511
3,test,516
3,test,519
3,test,521
3,test,525
3,test,526
3,test,533
3,test,536
3,test,539
3,test,546
3,test,547
3,test,548
4,train,24
4,train,25
4,train,26
4,train,27
4,train,28
4,train,29
4,train,30
4,train,32
4,train,33
4,train,35
4,train,36
4,train,37
4,train,39
4,train,40
4,train,41
4,train,43
4,train,44
4,train,45
4,train,46
4,train,47
4,train,48
4,train,49
4,train,50
4,train,51
4,train,53
4,train,54
4,train,55
4,train,57
4,train,58
4,train,59
4,train,60
4,train,61
4,train,62
4,train,64
4,train,65
4,train,67
4,train,68
4,train,70
4,train,71
4,train,72
4,train,73
4,train,74
4,train,75
4,train,76
4,train,78
4,train,79
4,train,103
4,train,105
4,train,106
4,train,108
4,train,110
4,train,111
4,train,113
4,train,116
4,train,117
4,train,118
4,train,119
4,train,120
4,train,121
4,train,122
4,train,123
4,train,124
4,train,126
4,train,127
4,train,128
4,train,129
4,train,130
4,train,131
4,train,132
4,train,133
4,train,134
4,train,135
4,train,137
4,train,139
4,train,140
4,train,141
4,train,142
4,train,143
4,train,144
4,train,145
4,train,148
4,train,149
4,train,150
4,train,151
4,train,152
4,train,154
4,train,155
4,train,156
4,train,157
4,train,182
4,train,184
4,train,185
4,train,186
4,train,187
4,train,189
4,train,190
4,train,191
4,train,192
4,train,193
4,train,194
4,train,197
4,train,198
4,train,199
4,train,200
4,train,201
4,train,203
4,train,204
4,train,205
4,train,206
4,train,207
4,train,208
4,train,209
4,train,210
4,train,211
4,train,212
4,train,213
4,train,214
4,train,216
4,train,217
4,train,218
4,train,220
4,train,221
4,train,223
4,train,225
4,train,226
4,train,228
4,train,229
4,train,230
4,train,231
4,train,232
4,train,233
4,train,234
4,train,235
4,train,236
4,train,237
4,train,262
4,train,263
4,train,265
4,train,266
4,train,267
4,train,268
4,train,270
4,train,272
4,train,273
4,train,275
4,train,276
4,train,278
4,train,279
4,train,280
4,train,281
4,train,283
4,train,284
4,train,285
4,train,286
4,train,287
4,train,288
4,train,289
4,train,290
4,train,291
4,train,292
4,train,293
4,train,294
4,train,295
4,train,296
4,train,298
4,train,299
4,train,300
4,train,302
4,train,303
4,train,304
4,train,305
4,train,306
4,train,308
4,train,309
4,train,311
4,train,312
4,train,313
4,train,315
4,train,316
4,train,340
4,train,342
4,train,343
4,train,344
4,train,346
4,train,347
4,train,348
4,train,349
4,train,350
4,train,351
4,train,352
4,train,353
4,train,354
4,train,355
4,train,356
4,train,357
4,train,358
4,train,360
4,train,362
4,train,363
4,train,365
4,train,366
4,train,367
4,train,368
4,train,369
4,train,370
4,train,371
4,train,372
4,train,373
4,train,374
4,train,375
4,train,376
4,train,377
4,train,379
4,train,382
4,train,383
4,train,384
4,train,385
4,train,386
4,train,387
4,train,389
4,train,390
4,train,392
4,train,393
4,train,394
4,train,419
4,train,420
4,train,421
4,train,423
4,train,425
4,train,426
4,train,429
4,train,430
4,train,431
4,train,432
4,train,433
4,train,435
4,train,436
4,train,437
4,train,438
4,train,439
4,train,440
4,train,441
4,train,443
4,train,444
4,train,445
4,train,446
4,train,447
4,train,448
4,train,449
4,train,450
4,train,453
4,train,454
4,train,455
4,train,456
4,train,457
4,train,458
4,train,460
4,train,461
4,train,462
4,train,464
4,train,465
4,train,466
4,train,469
4,train,471
4,train,472
4,train,473
4,train,474
4,train,498
4,train,501
4,train,502
4,train,503
4,train,504
4,train,505
4,train,507
4,train,508
4,train,509
4,train,510
4,train,511
4,train,512
4,train,513
4,train,514
4,train,515
4,train,516
4,train,517
4,train,518
4,train,519
4,train,520
4,train,521
4,train,522
4,train,524
4,train,525
4,train,526
4,train,527
4,train,529
4,train,531
4,train,532
4,train,533
4,train,534
4,train,535
4,train,536
4,train,537
4,train,538
4,train,539
4,train,540
4,train,541
4,train,544
4,train,545
4,train,546
4,train,547
4,train,548
4,train,549
4,train,551
4,train,552
4,train,553
4,test,31
4,test,34
4,test,38
4,test,42
4,test,52
4,test,56
4,test,63
4,test,66
4,test,69
4,test,77
4,test,104
4,test,107
4,test,109
4,test,112
4,test,114
4,test,115
4,test,125
4,test,136
4,test,138
4,test,146
4,test,147
4,test,153
4,test,158
4,test,183
4,test,188
4,test,195
4,test,196
4,test,202
4,test,215
4,test,219
4,test,222
4,test,224
4,test,227
4,test,261
4,test,264
4,test,269
4,test,271
4,test,274
4,test,277
4,test,282
4,test,297
4,test,301
4,test,307
4,test,310
4,test,314
4,test,341
4,test,345
4,test,359
4,test,361
4,test,364
4,test,378
4,test,380
4,test,381
4,test,388
4,test,391
4,test,395
4,test,422
4,test,424
4,test,427
4,test,428
4,test,434
4,test,442
4,test,451
4,test,452
4,test,459
4,test,463
4,test,467
4,test,468
4,test,470
4,test,499
4,test,500
4,test,506
4,test,523
4,test,528
4,test,530
4,test,542
4,test,543
4,test,550
5,train,25
5,train,26
5,train,27
5,train,28
5,train,29
5,train,30
5,train,31
5,train,32
5,train,33
5,train,34
5,train,37
5,train,38
5,train,39
5,train,40
5,train,42
5,train,44
5,train,45
5,train,46
5,train,47
5,train,48
5,train,50
5,train,51
5,train,52
5,train,53
5,train,54
5,train,55
5,train,56
5,train,57
5,train,58
5,train,59
5,train,60
5,train,61
5,train,62
5,train,63
5,train,64
5,train,66
5,train,67
5,train,68
5,train,69
5,train,70
5,train,71
5,train,73
5,train,74
5,train,75
5,train,76
5,train,77
5,train,79
5,train,103
5,train,104
5,train,105
5,train,106
5,train,107
5,train,108
5,train,109
5,train,110
5,train,111
5,train,112
5,train,113
5,train,114
5,train,115
5,train,116
5,train,117
5,train,118
5,train,119
5,train,120
5,train,122
5,train,123
5,train,124
5,train,125
5,train,127
5,train,128
5,train,130
5,train,132
5,train,133
5,train,134
5,train,135
5,train,136
5,train,138
5,train,140
5,train,145
5,train,146
5,train,147
5,train,149
5,train,150
5,train,151
5,train,153
5,train,156
5,train,157
5,train,158
5,train,182
5,train,183
5,train,184
5,train,186
5,train,188
5,train,189
5,train,190
5,train,193
5,train,194
5,train,195
5,train,196
5,train,197
5,train,198
5,train,202
5,train,204
5,train,206
5,train,207
5,train,208
5,train,209
5,train,210
5,train,211
5,train,213
5,train,214
5,train,215
5,train,217
5,train,219
5,train,220
5,train,221
5,train,222
5,train,223
5,train,224
5,train,225
5,train,227
5,train,229
5,train,231
5,train,234
5,train,235
5,train,237
5,train,261
5,train,262
5,train,263
5,train,264
5,train,266
5,train,267
5,train,269
5,train,270
5,train,271
5,train,272
5,train,273
5,train,274
5,train,275
5,train,277
5,train,278
5,train,280
5,train,281
5,train,282
5,train,284
5,train,285
5,train,287
5,train,288
5,train,289
5,train,292
5,train,293
5,train,294
5,train,295
5,train,296
5,train,297
5,train,298
5,train,299
5,train,300
5,train,301
5,train,302
5,train,304
5,train,306
5,train,307
5,train,309
5,train,310
5,train,311
5,train,312
5,train,313
5,train,314
5,train,315
5,train,316
5,train,341
5,train,342
5,train,343
5,train,344
5,train,345
5,train,346
5,train,347
5,train,348
5,train,351
5,train,352
5,train,354
5,train,355
5,train,356
5,train,357
5,train,358
5,train,359
5,train,360
5,train,361
5,train,362
5,train,363
5,train,364
5,train,365
5,train,366
5,train,368
5,train,369
5,train,370
5,train,371
5,train,372
5,train,373
5,train,374
5,train,375
5,train,376
5,train,377
5,train,378
5,train,380
5,train,381
5,train,382
5,train,387
5,train,388
5,train,389
5,train,391
5,train,392
5,train,393
5,train,394
5,train,395
5,train,419
5,train,420
5,train,422
5,train,423
5,train,424
5,train,427
5,train,428
5,train,429
5,train,430
5,train,431
5,train,432
5,train,433
5,train,434
5,train,435
5,train,436
5,train,437
5,train,438
5,train,440
5,train,441
5,train,442
5,train,444
5,train,445
5,train,447
5,train,448
5,train,449
5,train,450
5,train,451
5,train,452
5,train,453
5,train,455
5,train,456
5,train,457
5,train,458
5,train,459
5,train,460
5,train,461
5,train,462
5,train,463
5,train,464
5,train,465
5,train,466
5,train,467
5,train,468
5,train,469
5,train,470
5,train,471
5,train,472
5,train,473
5,train,474
5,train,498
5,train,499
5,train,500
5,train,501
5,train,502
5,train,503
5,train,504
5,train,506
5,train,507
5,train,508
5,train,509
5,train,510
5,train,511
5,train,514
5,train,515
5,train,516
5,train,517
5,train,518
5,train,519
5,train,520
5,train,521
5,train,522
5,train,523
5,train,524
5,train,525
5,train,526
5,train,528
5,train,530
5,train,532
5,train,533
5,train,534
5,train,535
5,train,536
5,train,537
5,train,539
5,train,540
5,train,541
5,train,542
5,train,543
5,train,544
5,train,545
5,train,546
5,train,547
5,train,548
5,train,549
5,train,550
5,train,552
5,train,553
5,test,24
5,test,35
5,test,36
5,test,41
5,test,43
5,test,49
5,test,65
5,test,72
5,test,78
5,test,121
5,test,126
5,test,129
5,test,131
5,test,137
5,test,139
5,test,141
5,test,142
5,test,143
5,test,144
5,test,148
5,test,152
5,test,154
5,test,155
5,test,185
5,test,187
5,test,191
5,test,192
5,test,199
5,test,200
5,test,201
5,test,203
5,test,205
5,test,212
5,test,216
5,test,218
5,test,226
5,test,228
5,test,230
5,test,232
5,test,233
5,test,236
5,test,265
5,test,268
5,test,276
5,test,279
5,test,283
5,test,286
5,test,290
5,test,291
5,test,303
5,test,305
5,test,308
5,test,340
5,test,349
5,test,350
5,test,353
5,test,367
5,test,379
5,test,383
5,test,384
5,test,385
5,test,386
5,test,390
5,test,421
5,test,425
5,test,426
5,test,439
5,test,443
5,test,446
5,test,454
5,test,505
5,test,512
5,test,513
5,test,527
5,test,529
5,test,531
5,test,538
5,test,551
