NetworkID,Model,Variant,WMUCount,SelectedWMUBuses,TestResistanceOhm,TrainCases,TestCases,FaultTestCases,FeatureColumnsPerWMU,Accuracy,Precision,Recall,F1,FalsePositiveRate,FalseNegativeRate,TN,FP,FN,TP,ExactBusAccuracy,OneHopAccuracy,GraphDistanceMAE,CoarseCategoryMacroF1,FaultType4ClassMacroF1
ieee14,ExtraTrees,Baseline,3,11;6;1,10.0,405,204,180,40,1.0,1.0,1.0,1.0,0.0,0.0,24,0,0,180,0.24444444444444444,0.24444444444444444,1.8666666666666667,0.694948476702509,0.5871156120638675
ieee14,RandomForest,Baseline,3,11;6;1,10.0,405,204,180,40,1.0,1.0,1.0,1.0,0.0,0.0,24,0,0,180,0.2,0.2,2.0,0.13333333333333333,0.19047619047619047
ieee14,ExtraTrees,A_voltage_only,3,11;6;1,10.0,405,204,180,18,1.0,1.0,1.0,1.0,0.0,0.0,24,0,0,180,0.2,0.2,2.0,0.5576923076923077,0.1
ieee14,RandomForest,A_voltage_only,3,11;6;1,10.0,405,204,180,18,1.0,1.0,1.0,1.0,0.0,0.0,24,0,0,180,0.2,0.2,2.0,0.13333333333333333,0.1
ieee14,ExtraTrees,B_current_only,3,11;6;1,10.0,405,204,180,18,0.7352941176470589,1.0,0.7,0.8235294117647058,0.0,0.3,24,0,54,126,0.5,0.55,1.2,0.3737373737373737,0.2683982683982684
ieee14,RandomForest,B_current_only,3,11;6;1,10.0,405,204,180,18,0.7794117647058824,1.0,0.75,0.8571428571428571,0.0,0.25,24,0,45,135,0.3,0.3,1.65,0.13333333333333333,0.1
ieee14,ExtraTrees,C_existing_VC,3,11;6;1,10.0,405,204,180,36,1.0,1.0,1.0,1.0,0.0,0.0,24,0,0,180,0.2,0.2,2.0,0.25603864734299514,0.18458117123795403
ieee14,RandomForest,C_existing_VC,3,11;6;1,10.0,405,204,180,36,1.0,1.0,1.0,1.0,0.0,0.0,24,0,0,180,0.2,0.2,2.0,0.13333333333333333,0.1
ieee14,ExtraTrees,D_existing_norm,3,11;6;1,10.0,405,204,180,46,1.0,1.0,1.0,1.0,0.0,0.0,24,0,0,180,1.0,1.0,0.0,0.7060965823748483,0.5709474082218496
ieee14,RandomForest,D_existing_norm,3,11;6;1,10.0,405,204,180,46,1.0,1.0,1.0,1.0,0.0,0.0,24,0,0,180,0.9888888888888889,0.9888888888888889,0.022222222222222223,0.17865296803652966,0.32830497868097835
ieee14,ExtraTrees,E_existing_norm_rank,3,11;6;1,10.0,405,204,180,50,1.0,1.0,1.0,1.0,0.0,0.0,24,0,0,180,0.8555555555555555,0.8555555555555555,0.28888888888888886,0.6370066397959383,0.31311496832913105
ieee14,RandomForest,E_existing_norm_rank,3,11;6;1,10.0,405,204,180,50,1.0,1.0,1.0,1.0,0.0,0.0,24,0,0,180,0.8333333333333334,0.8333333333333334,0.3333333333333333,0.13333333333333333,0.1
ieee14,ExtraTrees,F_existing_norm_rank_vi,3,11;6;1,10.0,405,204,180,52,1.0,1.0,1.0,1.0,0.0,0.0,24,0,0,180,0.8,0.8,0.4,0.6114198344824122,0.40808500540245785
ieee14,RandomForest,F_existing_norm_rank_vi,3,11;6;1,10.0,405,204,180,52,1.0,1.0,1.0,1.0,0.0,0.0,24,0,0,180,0.8,0.8,0.4,0.13333333333333333,0.14262628128174346
ieee14,ExtraTrees,Baseline,5,11;6;1;14;2,10.0,405,204,180,40,1.0,1.0,1.0,1.0,0.0,0.0,24,0,0,180,0.36666666666666664,0.45,1.3555555555555556,0.6038994481282983,0.5947202912942734
ieee14,RandomForest,Baseline,5,11;6;1;14;2,10.0,405,204,180,40,1.0,1.0,1.0,1.0,0.0,0.0,24,0,0,180,0.22777777777777777,0.22777777777777777,1.9166666666666667,0.13333333333333333,0.1
ieee14,ExtraTrees,A_voltage_only,5,11;6;1;14;2,10.0,405,204,180,18,1.0,1.0,1.0,1.0,0.0,0.0,24,0,0,180,0.2,0.2,2.0,0.2663857677902622,0.375
ieee14,RandomForest,A_voltage_only,5,11;6;1;14;2,10.0,405,204,180,18,1.0,1.0,1.0,1.0,0.0,0.0,24,0,0,180,0.2,0.2,2.0,0.13333333333333333,0.1
ieee14,ExtraTrees,B_current_only,5,11;6;1;14;2,10.0,405,204,180,18,0.6911764705882353,1.0,0.65,0.7878787878787878,0.0,0.35,24,0,63,117,0.45,0.6,1.1,0.13333333333333333,0.1
ieee14,RandomForest,B_current_only,5,11;6;1;14;2,10.0,405,204,180,18,0.7794117647058824,1.0,0.75,0.8571428571428571,0.0,0.25,24,0,45,135,0.38333333333333336,0.5333333333333333,1.2833333333333334,0.13333333333333333,0.1
ieee14,ExtraTrees,C_existing_VC,5,11;6;1;14;2,10.0,405,204,180,36,1.0,1.0,1.0,1.0,0.0,0.0,24,0,0,180,0.22777777777777777,0.22777777777777777,1.9166666666666667,0.13333333333333333,0.20120320855614973
ieee14,RandomForest,C_existing_VC,5,11;6;1;14;2,10.0,405,204,180,36,1.0,1.0,1.0,1.0,0.0,0.0,24,0,0,180,0.25,0.25,1.85,0.13333333333333333,0.1
ieee14,ExtraTrees,D_existing_norm,5,11;6;1;14;2,10.0,405,204,180,46,1.0,1.0,1.0,1.0,0.0,0.0,24,0,0,180,1.0,1.0,0.0,0.6390375168184236,0.3261072389001701
ieee14,RandomForest,D_existing_norm,5,11;6;1;14;2,10.0,405,204,180,46,1.0,1.0,1.0,1.0,0.0,0.0,24,0,0,180,1.0,1.0,0.0,0.13333333333333333,0.1
ieee14,ExtraTrees,E_existing_norm_rank,5,11;6;1;14;2,10.0,405,204,180,50,1.0,1.0,1.0,1.0,0.0,0.0,24,0,0,180,1.0,1.0,0.0,0.6564746520762644,0.5613010613953942
ieee14,RandomForest,E_existing_norm_rank,5,11;6;1;14;2,10.0,405,204,180,50,1.0,1.0,1.0,1.0,0.0,0.0,24,0,0,180,1.0,1.0,0.0,0.13333333333333333,0.1
ieee14,ExtraTrees,F_existing_norm_rank_vi,5,11;6;1;14;2,10.0,405,204,180,52,1.0,1.0,1.0,1.0,0.0,0.0,24,0,0,180,1.0,1.0,0.0,0.9063731512624787,0.43336640211640215
ieee14,RandomForest,F_existing_norm_rank_vi,5,11;6;1;14;2,10.0,405,204,180,52,1.0,1.0,1.0,1.0,0.0,0.0,24,0,0,180,0.9777777777777777,0.9777777777777777,0.06666666666666667,0.13333333333333333,0.1
ieee14,ExtraTrees,Baseline,14,1;2;3;4;5;6;7;8;9;10;11;12;13;14,10.0,405,204,180,40,1.0,1.0,1.0,1.0,0.0,0.0,24,0,0,180,0.2,0.2,2.0,0.5282324397893366,0.33913077000634606
ieee14,RandomForest,Baseline,14,1;2;3;4;5;6;7;8;9;10;11;12;13;14,10.0,405,204,180,40,1.0,1.0,1.0,1.0,0.0,0.0,24,0,0,180,0.2,0.25,1.9388888888888889,0.13333333333333333,0.1
ieee14,ExtraTrees,A_voltage_only,14,1;2;3;4;5;6;7;8;9;10;11;12;13;14,10.0,405,204,180,18,1.0,1.0,1.0,1.0,0.0,0.0,24,0,0,180,0.2,0.2,2.0,0.13333333333333333,0.5785233575202227
ieee14,RandomForest,A_voltage_only,14,1;2;3;4;5;6;7;8;9;10;11;12;13;14,10.0,405,204,180,18,1.0,1.0,1.0,1.0,0.0,0.0,24,0,0,180,0.2,0.2,2.0,0.13333333333333333,0.1
ieee14,ExtraTrees,B_current_only,14,1;2;3;4;5;6;7;8;9;10;11;12;13;14,10.0,405,204,180,18,1.0,1.0,1.0,1.0,0.0,0.0,24,0,0,180,0.2,0.2,2.0166666666666666,0.13333333333333333,0.1
ieee14,RandomForest,B_current_only,14,1;2;3;4;5;6;7;8;9;10;11;12;13;14,10.0,405,204,180,18,1.0,1.0,1.0,1.0,0.0,0.0,24,0,0,180,0.2,0.25,1.9555555555555555,0.13333333333333333,0.1
ieee14,ExtraTrees,C_existing_VC,14,1;2;3;4;5;6;7;8;9;10;11;12;13;14,10.0,405,204,180,36,1.0,1.0,1.0,1.0,0.0,0.0,24,0,0,180,0.2,0.2,2.0,0.13333333333333333,0.1
ieee14,RandomForest,C_existing_VC,14,1;2;3;4;5;6;7;8;9;10;11;12;13;14,10.0,405,204,180,36,1.0,1.0,1.0,1.0,0.0,0.0,24,0,0,180,0.2,0.2,2.0722222222222224,0.13333333333333333,0.1
ieee14,ExtraTrees,D_existing_norm,14,1;2;3;4;5;6;7;8;9;10;11;12;13;14,10.0,405,204,180,46,1.0,1.0,1.0,1.0,0.0,0.0,24,0,0,180,0.7888888888888889,0.9777777777777777,0.23333333333333334,0.5943031891655745,0.5914977992153112
ieee14,RandomForest,D_existing_norm,14,1;2;3;4;5;6;7;8;9;10;11;12;13;14,10.0,405,204,180,46,1.0,1.0,1.0,1.0,0.0,0.0,24,0,0,180,0.9277777777777778,0.9666666666666667,0.10555555555555556,0.13333333333333333,0.1
ieee14,ExtraTrees,E_existing_norm_rank,14,1;2;3;4;5;6;7;8;9;10;11;12;13;14,10.0,405,204,180,50,1.0,1.0,1.0,1.0,0.0,0.0,24,0,0,180,0.9944444444444445,0.9944444444444445,0.011111111111111112,0.5938540859878579,0.6265530466724287
ieee14,RandomForest,E_existing_norm_rank,14,1;2;3;4;5;6;7;8;9;10;11;12;13;14,10.0,405,204,180,50,1.0,1.0,1.0,1.0,0.0,0.0,24,0,0,180,1.0,1.0,0.0,0.13333333333333333,0.1
ieee14,ExtraTrees,F_existing_norm_rank_vi,14,1;2;3;4;5;6;7;8;9;10;11;12;13;14,10.0,405,204,180,52,1.0,1.0,1.0,1.0,0.0,0.0,24,0,0,180,1.0,1.0,0.0,0.7380087735086623,0.5807640678694158
ieee14,RandomForest,F_existing_norm_rank_vi,14,1;2;3;4;5;6;7;8;9;10;11;12;13;14,10.0,405,204,180,52,1.0,1.0,1.0,1.0,0.0,0.0,24,0,0,180,0.9944444444444445,0.9944444444444445,0.011111111111111112,0.13333333333333333,0.1
ieee30,ExtraTrees,Baseline,3,1;10;6,10.0,442,221,180,40,0.9728506787330317,1.0,0.9666666666666667,0.9830508474576272,0.0,0.03333333333333333,41,0,6,174,0.8055555555555556,0.8055555555555556,0.7055555555555556,0.5990842490842491,0.4170491409347591
ieee30,RandomForest,Baseline,3,1;10;6,10.0,442,221,180,40,0.7963800904977375,1.0,0.75,0.8571428571428571,0.0,0.25,41,0,45,135,0.5,0.5,1.75,0.13333333333333333,0.1
ieee30,ExtraTrees,A_voltage_only,3,1;10;6,10.0,442,221,180,18,1.0,1.0,1.0,1.0,0.0,0.0,41,0,0,180,0.8,0.8,0.75,0.4657567049808429,0.375
ieee30,RandomForest,A_voltage_only,3,1;10;6,10.0,442,221,180,18,1.0,1.0,1.0,1.0,0.0,0.0,41,0,0,180,0.8,0.8,0.75,0.14125457875457875,0.16156325543916195
ieee30,ExtraTrees,B_current_only,3,1;10;6,10.0,442,221,180,18,0.9321266968325792,1.0,0.9166666666666666,0.9565217391304348,0.0,0.08333333333333333,41,0,15,165,0.25,0.25,2.683333333333333,0.13333333333333333,0.1875
ieee30,RandomForest,B_current_only,3,1;10;6,10.0,442,221,180,18,0.7963800904977375,1.0,0.75,0.8571428571428571,0.0,0.25,41,0,45,135,0.20555555555555555,0.20555555555555555,3.216666666666667,0.13333333333333333,0.1
ieee30,ExtraTrees,C_existing_VC,3,1;10;6,10.0,442,221,180,36,1.0,1.0,1.0,1.0,0.0,0.0,41,0,0,180,0.8,0.8,0.75,0.3270264681555004,0.1
ieee30,RandomForest,C_existing_VC,3,1;10;6,10.0,442,221,180,36,0.832579185520362,1.0,0.7944444444444444,0.8854489164086687,0.0,0.20555555555555555,41,0,37,143,0.5166666666666667,0.5166666666666667,1.6444444444444444,0.13333333333333333,0.1
ieee30,ExtraTrees,D_existing_norm,3,1;10;6,10.0,442,221,180,46,0.9864253393665159,1.0,0.9833333333333333,0.9915966386554622,0.0,0.016666666666666666,41,0,3,177,0.95,0.95,0.15,0.6481387047424784,0.3939860475401249
ieee30,RandomForest,D_existing_norm,3,1;10;6,10.0,442,221,180,46,0.7963800904977375,1.0,0.75,0.8571428571428571,0.0,0.25,41,0,45,135,0.95,0.95,0.15,0.28183229813664595,0.1875
ieee30,ExtraTrees,E_existing_norm_rank,3,1;10;6,10.0,442,221,180,50,0.9502262443438914,1.0,0.9388888888888889,0.9684813753581661,0.0,0.06111111111111111,41,0,11,169,0.95,0.95,0.15,0.4227537168713639,0.34925431711146
ieee30,RandomForest,E_existing_norm_rank,3,1;10;6,10.0,442,221,180,50,0.7963800904977375,1.0,0.75,0.8571428571428571,0.0,0.25,41,0,45,135,0.9555555555555556,0.9555555555555556,0.13333333333333333,0.13333333333333333,0.1
ieee30,ExtraTrees,F_existing_norm_rank_vi,3,1;10;6,10.0,442,221,180,52,0.9864253393665159,1.0,0.9833333333333333,0.9915966386554622,0.0,0.016666666666666666,41,0,3,177,0.95,0.95,0.15,0.5518207282913165,0.30264604810996565
ieee30,RandomForest,F_existing_norm_rank_vi,3,1;10;6,10.0,442,221,180,52,0.7963800904977375,1.0,0.75,0.8571428571428571,0.0,0.25,41,0,45,135,0.95,0.95,0.16111111111111112,0.13333333333333333,0.1
ieee30,ExtraTrees,Baseline,5,1;10;6;24;30,10.0,442,221,180,40,0.9909502262443439,1.0,0.9888888888888889,0.994413407821229,0.0,0.011111111111111112,41,0,2,178,0.6333333333333333,0.6333333333333333,1.5833333333333333,0.49442749385541146,0.30599401988735137
ieee30,RandomForest,Baseline,5,1;10;6;24;30,10.0,442,221,180,40,0.6968325791855203,1.0,0.6277777777777778,0.7713310580204779,0.0,0.37222222222222223,41,0,67,113,0.2,0.2,3.0,0.14842132505175984,0.1
ieee30,ExtraTrees,A_voltage_only,5,1;10;6;24;30,10.0,442,221,180,18,1.0,1.0,1.0,1.0,0.0,0.0,41,0,0,180,0.7611111111111111,0.7611111111111111,0.9444444444444444,0.4708141321044547,0.1875
ieee30,RandomForest,A_voltage_only,5,1;10;6;24;30,10.0,442,221,180,18,0.8416289592760181,1.0,0.8055555555555556,0.8923076923076924,0.0,0.19444444444444445,41,0,35,145,0.6555555555555556,0.6555555555555556,1.4722222222222223,0.13333333333333333,0.1
ieee30,ExtraTrees,B_current_only,5,1;10;6;24;30,10.0,442,221,180,18,0.8054298642533937,1.0,0.7611111111111111,0.8643533123028391,0.0,0.2388888888888889,41,0,43,137,0.2,0.2,3.0,0.3254380733293573,0.3333333333333333
ieee30,RandomForest,B_current_only,5,1;10;6;24;30,10.0,442,221,180,18,0.7963800904977375,1.0,0.75,0.8571428571428571,0.0,0.25,41,0,45,135,0.2,0.2,3.0,0.13333333333333333,0.1
ieee30,ExtraTrees,C_existing_VC,5,1;10;6;24;30,10.0,442,221,180,36,1.0,1.0,1.0,1.0,0.0,0.0,41,0,0,180,0.5555555555555556,0.5555555555555556,1.9722222222222223,0.5,0.26938502673796794
ieee30,RandomForest,C_existing_VC,5,1;10;6;24;30,10.0,442,221,180,36,0.746606334841629,1.0,0.6888888888888889,0.8157894736842105,0.0,0.3111111111111111,41,0,56,124,0.2,0.2,3.0,0.13333333333333333,0.1
ieee30,ExtraTrees,D_existing_norm,5,1;10;6;24;30,10.0,442,221,180,46,0.9230769230769231,1.0,0.9055555555555556,0.9504373177842566,0.0,0.09444444444444444,41,0,17,163,1.0,1.0,0.0,0.35521885521885527,0.26411421155094095
ieee30,RandomForest,D_existing_norm,5,1;10;6;24;30,10.0,442,221,180,46,0.7963800904977375,1.0,0.75,0.8571428571428571,0.0,0.25,41,0,45,135,0.9888888888888889,0.9888888888888889,0.05555555555555555,0.13333333333333333,0.1
ieee30,ExtraTrees,E_existing_norm_rank,5,1;10;6;24;30,10.0,442,221,180,50,0.9049773755656109,1.0,0.8833333333333333,0.9380530973451328,0.0,0.11666666666666667,41,0,21,159,1.0,1.0,0.0,0.21541767391888259,0.20335447263017356
ieee30,RandomForest,E_existing_norm_rank,5,1;10;6;24;30,10.0,442,221,180,50,0.7963800904977375,1.0,0.75,0.8571428571428571,0.0,0.25,41,0,45,135,1.0,1.0,0.0,0.13333333333333333,0.1
ieee30,ExtraTrees,F_existing_norm_rank_vi,5,1;10;6;24;30,10.0,442,221,180,52,0.9230769230769231,1.0,0.9055555555555556,0.9504373177842566,0.0,0.09444444444444444,41,0,17,163,1.0,1.0,0.0,0.26579078062215,0.3153846153846154
ieee30,RandomForest,F_existing_norm_rank_vi,5,1;10;6;24;30,10.0,442,221,180,52,0.7692307692307693,1.0,0.7166666666666667,0.8349514563106796,0.0,0.2833333333333333,41,0,51,129,1.0,1.0,0.0,0.13333333333333333,0.1
ieee30,ExtraTrees,Baseline,30,1;2;3;4;5;6;7;8;9;10;11;12;13;14;15;16;17;18;19;20;21;22;23;24;25;26;27;28;29;30,10.0,442,221,180,40,1.0,1.0,1.0,1.0,0.0,0.0,41,0,0,180,0.65,0.65,1.5,0.1490219016052512,0.2750764411962115
ieee30,RandomForest,Baseline,30,1;2;3;4;5;6;7;8;9;10;11;12;13;14;15;16;17;18;19;20;21;22;23;24;25;26;27;28;29;30,10.0,442,221,180,40,0.5927601809954751,1.0,0.5,0.6666666666666666,0.0,0.5,41,0,90,90,0.3111111111111111,0.42777777777777776,2.4444444444444446,0.13333333333333333,0.275
ieee30,ExtraTrees,A_voltage_only,30,1;2;3;4;5;6;7;8;9;10;11;12;13;14;15;16;17;18;19;20;21;22;23;24;25;26;27;28;29;30,10.0,442,221,180,18,1.0,1.0,1.0,1.0,0.0,0.0,41,0,0,180,0.65,0.65,1.5,0.17680180180180183,0.21089696071163824
ieee30,RandomForest,A_voltage_only,30,1;2;3;4;5;6;7;8;9;10;11;12;13;14;15;16;17;18;19;20;21;22;23;24;25;26;27;28;29;30,10.0,442,221,180,18,1.0,1.0,1.0,1.0,0.0,0.0,41,0,0,180,0.6555555555555556,0.6555555555555556,1.4722222222222223,0.13333333333333333,0.1
ieee30,ExtraTrees,B_current_only,30,1;2;3;4;5;6;7;8;9;10;11;12;13;14;15;16;17;18;19;20;21;22;23;24;25;26;27;28;29;30,10.0,442,221,180,18,1.0,1.0,1.0,1.0,0.0,0.0,41,0,0,180,0.2,0.2,3.0,0.3737373737373737,0.4633699633699634
ieee30,RandomForest,B_current_only,30,1;2;3;4;5;6;7;8;9;10;11;12;13;14;15;16;17;18;19;20;21;22;23;24;25;26;27;28;29;30,10.0,442,221,180,18,0.25339366515837103,1.0,0.08333333333333333,0.15384615384615385,0.0,0.9166666666666666,41,0,165,15,0.2,0.2,3.0,0.25,0.11029411764705882
ieee30,ExtraTrees,C_existing_VC,30,1;2;3;4;5;6;7;8;9;10;11;12;13;14;15;16;17;18;19;20;21;22;23;24;25;26;27;28;29;30,10.0,442,221,180,36,1.0,1.0,1.0,1.0,0.0,0.0,41,0,0,180,0.6111111111111112,0.6111111111111112,1.6944444444444444,0.20303030303030303,0.3527726385034433
ieee30,RandomForest,C_existing_VC,30,1;2;3;4;5;6;7;8;9;10;11;12;13;14;15;16;17;18;19;20;21;22;23;24;25;26;27;28;29;30,10.0,442,221,180,36,0.6334841628959276,1.0,0.55,0.7096774193548387,0.0,0.45,41,0,81,99,0.2,0.2,3.0,0.13333333333333333,0.1
ieee30,ExtraTrees,D_existing_norm,30,1;2;3;4;5;6;7;8;9;10;11;12;13;14;15;16;17;18;19;20;21;22;23;24;25;26;27;28;29;30,10.0,442,221,180,46,1.0,1.0,1.0,1.0,0.0,0.0,41,0,0,180,1.0,1.0,0.0,0.43951697139109075,0.3518099547511312
ieee30,RandomForest,D_existing_norm,30,1;2;3;4;5;6;7;8;9;10;11;12;13;14;15;16;17;18;19;20;21;22;23;24;25;26;27;28;29;30,10.0,442,221,180,46,0.25339366515837103,1.0,0.08333333333333333,0.15384615384615385,0.0,0.9166666666666666,41,0,165,15,1.0,1.0,0.0,0.5,0.4881048197430724
ieee30,ExtraTrees,E_existing_norm_rank,30,1;2;3;4;5;6;7;8;9;10;11;12;13;14;15;16;17;18;19;20;21;22;23;24;25;26;27;28;29;30,10.0,442,221,180,50,1.0,1.0,1.0,1.0,0.0,0.0,41,0,0,180,1.0,1.0,0.0,0.1857246445348214,0.2801157958998799
ieee30,RandomForest,E_existing_norm_rank,30,1;2;3;4;5;6;7;8;9;10;11;12;13;14;15;16;17;18;19;20;21;22;23;24;25;26;27;28;29;30,10.0,442,221,180,50,0.34841628959276016,1.0,0.2,0.3333333333333333,0.0,0.8,41,0,144,36,1.0,1.0,0.0,0.13333333333333333,0.30426136363636364
ieee30,ExtraTrees,F_existing_norm_rank_vi,30,1;2;3;4;5;6;7;8;9;10;11;12;13;14;15;16;17;18;19;20;21;22;23;24;25;26;27;28;29;30,10.0,442,221,180,52,1.0,1.0,1.0,1.0,0.0,0.0,41,0,0,180,1.0,1.0,0.0,0.37512881722954905,0.35147399456953066
ieee30,RandomForest,F_existing_norm_rank_vi,30,1;2;3;4;5;6;7;8;9;10;11;12;13;14;15;16;17;18;19;20;21;22;23;24;25;26;27;28;29;30,10.0,442,221,180,52,0.5520361990950227,1.0,0.45,0.6206896551724138,0.0,0.55,41,0,99,81,1.0,1.0,0.0,0.13333333333333333,0.2829714580246118
