CaseName,EventType,EventSubtype,TargetBus,LoadSwitchPct,FaultType,RawCsvRelativePath,FileExists,FileSizeBytes,NumRows,NumColumns
SSO_Normal_Case01,SSO_Normal,Normal,,,,raw_waveforms/SSO_Normal_Case01.csv,True,34104901,10001,181
SSO_Normal_Case02,SSO_Normal,Normal,,,,raw_waveforms/SSO_Normal_Case02.csv,True,34104901,10001,181
SSO_Normal_Case03,SSO_Normal,Normal,,,,raw_waveforms/SSO_Normal_Case03.csv,True,34104901,10001,181
SSO_LoadSwitch_Bus02,SSO_LoadSwitch,LoadSwitch15pct,2,15,,raw_waveforms/SSO_LoadSwitch_Bus02.csv,True,34107216,10001,181
SSO_LoadSwitch_Bus03,SSO_LoadSwitch,LoadSwitch15pct,3,15,,raw_waveforms/SSO_LoadSwitch_Bus03.csv,True,34105008,10001,181
SSO_LoadSwitch_Bus04,SSO_LoadSwitch,LoadSwitch15pct,4,15,,raw_waveforms/SSO_LoadSwitch_Bus04.csv,True,34105379,10001,181
SSO_LoadSwitch_Bus05,SSO_LoadSwitch,LoadSwitch15pct,5,15,,raw_waveforms/SSO_LoadSwitch_Bus05.csv,True,34093798,10001,181
SSO_LoadSwitch_Bus07,SSO_LoadSwitch,LoadSwitch15pct,7,15,,raw_waveforms/SSO_LoadSwitch_Bus07.csv,True,34104643,10001,181
SSO_LoadSwitch_Bus08,SSO_LoadSwitch,LoadSwitch15pct,8,15,,raw_waveforms/SSO_LoadSwitch_Bus08.csv,True,34107833,10001,181
SSO_LoadSwitch_Bus10,SSO_LoadSwitch,LoadSwitch15pct,10,15,,raw_waveforms/SSO_LoadSwitch_Bus10.csv,True,34105942,10001,181
SSO_LoadSwitch_Bus12,SSO_LoadSwitch,LoadSwitch15pct,12,15,,raw_waveforms/SSO_LoadSwitch_Bus12.csv,True,34101208,10001,181
SSO_LoadSwitch_Bus14,SSO_LoadSwitch,LoadSwitch15pct,14,15,,raw_waveforms/SSO_LoadSwitch_Bus14.csv,True,34104979,10001,181
SSO_LoadSwitch_Bus15,SSO_LoadSwitch,LoadSwitch15pct,15,15,,raw_waveforms/SSO_LoadSwitch_Bus15.csv,True,34105117,10001,181
SSO_LoadSwitch_Bus16,SSO_LoadSwitch,LoadSwitch15pct,16,15,,raw_waveforms/SSO_LoadSwitch_Bus16.csv,True,34105422,10001,181
SSO_LoadSwitch_Bus17,SSO_LoadSwitch,LoadSwitch15pct,17,15,,raw_waveforms/SSO_LoadSwitch_Bus17.csv,True,34105495,10001,181
SSO_LoadSwitch_Bus18,SSO_LoadSwitch,LoadSwitch15pct,18,15,,raw_waveforms/SSO_LoadSwitch_Bus18.csv,True,34105236,10001,181
SSO_LoadSwitch_Bus19,SSO_LoadSwitch,LoadSwitch15pct,19,15,,raw_waveforms/SSO_LoadSwitch_Bus19.csv,True,34105347,10001,181
SSO_LoadSwitch_Bus20,SSO_LoadSwitch,LoadSwitch15pct,20,15,,raw_waveforms/SSO_LoadSwitch_Bus20.csv,True,34104292,10001,181
SSO_LoadSwitch_Bus21,SSO_LoadSwitch,LoadSwitch15pct,21,15,,raw_waveforms/SSO_LoadSwitch_Bus21.csv,True,34103719,10001,181
SSO_LoadSwitch_Bus23,SSO_LoadSwitch,LoadSwitch15pct,23,15,,raw_waveforms/SSO_LoadSwitch_Bus23.csv,True,34105040,10001,181
SSO_LoadSwitch_Bus24,SSO_LoadSwitch,LoadSwitch15pct,24,15,,raw_waveforms/SSO_LoadSwitch_Bus24.csv,True,34103982,10001,181
SSO_LoadSwitch_Bus26,SSO_LoadSwitch,LoadSwitch15pct,26,15,,raw_waveforms/SSO_LoadSwitch_Bus26.csv,True,34102664,10001,181
SSO_LoadSwitch_Bus29,SSO_LoadSwitch,LoadSwitch15pct,29,15,,raw_waveforms/SSO_LoadSwitch_Bus29.csv,True,34102929,10001,181
SSO_LoadSwitch_Bus30,SSO_LoadSwitch,LoadSwitch15pct,30,15,,raw_waveforms/SSO_LoadSwitch_Bus30.csv,True,34100964,10001,181
SSO_SLG_Fault_Bus01,SSO_SLG_Fault,SLG,1,,SLG,raw_waveforms/SSO_SLG_Fault_Bus01.csv,True,34091459,10001,181
SSO_SLG_Fault_Bus02,SSO_SLG_Fault,SLG,2,,SLG,raw_waveforms/SSO_SLG_Fault_Bus02.csv,True,34055803,10001,181
SSO_SLG_Fault_Bus03,SSO_SLG_Fault,SLG,3,,SLG,raw_waveforms/SSO_SLG_Fault_Bus03.csv,True,34099121,10001,181
SSO_SLG_Fault_Bus04,SSO_SLG_Fault,SLG,4,,SLG,raw_waveforms/SSO_SLG_Fault_Bus04.csv,True,34065092,10001,181
SSO_SLG_Fault_Bus05,SSO_SLG_Fault,SLG,5,,SLG,raw_waveforms/SSO_SLG_Fault_Bus05.csv,True,34093491,10001,181
SSO_SLG_Fault_Bus06,SSO_SLG_Fault,SLG,6,,SLG,raw_waveforms/SSO_SLG_Fault_Bus06.csv,True,34099845,10001,181
SSO_SLG_Fault_Bus07,SSO_SLG_Fault,SLG,7,,SLG,raw_waveforms/SSO_SLG_Fault_Bus07.csv,True,34094968,10001,181
SSO_SLG_Fault_Bus08,SSO_SLG_Fault,SLG,8,,SLG,raw_waveforms/SSO_SLG_Fault_Bus08.csv,True,34085487,10001,181
SSO_SLG_Fault_Bus09,SSO_SLG_Fault,SLG,9,,SLG,raw_waveforms/SSO_SLG_Fault_Bus09.csv,True,34105908,10001,181
SSO_SLG_Fault_Bus10,SSO_SLG_Fault,SLG,10,,SLG,raw_waveforms/SSO_SLG_Fault_Bus10.csv,True,34103148,10001,181
SSO_SLG_Fault_Bus11,SSO_SLG_Fault,SLG,11,,SLG,raw_waveforms/SSO_SLG_Fault_Bus11.csv,True,34102643,10001,181
SSO_SLG_Fault_Bus12,SSO_SLG_Fault,SLG,12,,SLG,raw_waveforms/SSO_SLG_Fault_Bus12.csv,True,34106620,10001,181
SSO_SLG_Fault_Bus13,SSO_SLG_Fault,SLG,13,,SLG,raw_waveforms/SSO_SLG_Fault_Bus13.csv,True,34101653,10001,181
SSO_SLG_Fault_Bus14,SSO_SLG_Fault,SLG,14,,SLG,raw_waveforms/SSO_SLG_Fault_Bus14.csv,True,34058885,10001,181
SSO_SLG_Fault_Bus15,SSO_SLG_Fault,SLG,15,,SLG,raw_waveforms/SSO_SLG_Fault_Bus15.csv,True,34105679,10001,181
SSO_SLG_Fault_Bus16,SSO_SLG_Fault,SLG,16,,SLG,raw_waveforms/SSO_SLG_Fault_Bus16.csv,True,34103811,10001,181
SSO_SLG_Fault_Bus17,SSO_SLG_Fault,SLG,17,,SLG,raw_waveforms/SSO_SLG_Fault_Bus17.csv,True,34102315,10001,181
SSO_SLG_Fault_Bus18,SSO_SLG_Fault,SLG,18,,SLG,raw_waveforms/SSO_SLG_Fault_Bus18.csv,True,34103257,10001,181
SSO_SLG_Fault_Bus19,SSO_SLG_Fault,SLG,19,,SLG,raw_waveforms/SSO_SLG_Fault_Bus19.csv,True,34104486,10001,181
SSO_SLG_Fault_Bus20,SSO_SLG_Fault,SLG,20,,SLG,raw_waveforms/SSO_SLG_Fault_Bus20.csv,True,34102102,10001,181
SSO_SLG_Fault_Bus21,SSO_SLG_Fault,SLG,21,,SLG,raw_waveforms/SSO_SLG_Fault_Bus21.csv,True,34103404,10001,181
SSO_SLG_Fault_Bus22,SSO_SLG_Fault,SLG,22,,SLG,raw_waveforms/SSO_SLG_Fault_Bus22.csv,True,34106511,10001,181
SSO_SLG_Fault_Bus23,SSO_SLG_Fault,SLG,23,,SLG,raw_waveforms/SSO_SLG_Fault_Bus23.csv,True,34101466,10001,181
SSO_SLG_Fault_Bus24,SSO_SLG_Fault,SLG,24,,SLG,raw_waveforms/SSO_SLG_Fault_Bus24.csv,True,34104018,10001,181
SSO_SLG_Fault_Bus25,SSO_SLG_Fault,SLG,25,,SLG,raw_waveforms/SSO_SLG_Fault_Bus25.csv,True,34105639,10001,181
SSO_SLG_Fault_Bus26,SSO_SLG_Fault,SLG,26,,SLG,raw_waveforms/SSO_SLG_Fault_Bus26.csv,True,34101869,10001,181
SSO_SLG_Fault_Bus27,SSO_SLG_Fault,SLG,27,,SLG,raw_waveforms/SSO_SLG_Fault_Bus27.csv,True,34105610,10001,181
SSO_SLG_Fault_Bus28,SSO_SLG_Fault,SLG,28,,SLG,raw_waveforms/SSO_SLG_Fault_Bus28.csv,True,33946852,10001,181
SSO_SLG_Fault_Bus29,SSO_SLG_Fault,SLG,29,,SLG,raw_waveforms/SSO_SLG_Fault_Bus29.csv,True,34100737,10001,181
SSO_SLG_Fault_Bus30,SSO_SLG_Fault,SLG,30,,SLG,raw_waveforms/SSO_SLG_Fault_Bus30.csv,True,34101608,10001,181
SSO_ThreePhase_Fault_Bus01,SSO_ThreePhase_Fault,ThreePhase,1,,ThreePhase,raw_waveforms/SSO_ThreePhase_Fault_Bus01.csv,True,34072529,10001,181
SSO_ThreePhase_Fault_Bus02,SSO_ThreePhase_Fault,ThreePhase,2,,ThreePhase,raw_waveforms/SSO_ThreePhase_Fault_Bus02.csv,True,33869170,10001,181
SSO_ThreePhase_Fault_Bus03,SSO_ThreePhase_Fault,ThreePhase,3,,ThreePhase,raw_waveforms/SSO_ThreePhase_Fault_Bus03.csv,True,34097118,10001,181
SSO_ThreePhase_Fault_Bus04,SSO_ThreePhase_Fault,ThreePhase,4,,ThreePhase,raw_waveforms/SSO_ThreePhase_Fault_Bus04.csv,True,33780728,10001,181
SSO_ThreePhase_Fault_Bus05,SSO_ThreePhase_Fault,ThreePhase,5,,ThreePhase,raw_waveforms/SSO_ThreePhase_Fault_Bus05.csv,True,33815509,10001,181
SSO_ThreePhase_Fault_Bus06,SSO_ThreePhase_Fault,ThreePhase,6,,ThreePhase,raw_waveforms/SSO_ThreePhase_Fault_Bus06.csv,True,33573810,10001,181
SSO_ThreePhase_Fault_Bus07,SSO_ThreePhase_Fault,ThreePhase,7,,ThreePhase,raw_waveforms/SSO_ThreePhase_Fault_Bus07.csv,True,34088957,10001,181
SSO_ThreePhase_Fault_Bus08,SSO_ThreePhase_Fault,ThreePhase,8,,ThreePhase,raw_waveforms/SSO_ThreePhase_Fault_Bus08.csv,True,33831429,10001,181
SSO_ThreePhase_Fault_Bus09,SSO_ThreePhase_Fault,ThreePhase,9,,ThreePhase,raw_waveforms/SSO_ThreePhase_Fault_Bus09.csv,True,34092118,10001,181
SSO_ThreePhase_Fault_Bus10,SSO_ThreePhase_Fault,ThreePhase,10,,ThreePhase,raw_waveforms/SSO_ThreePhase_Fault_Bus10.csv,True,34105442,10001,181
SSO_ThreePhase_Fault_Bus11,SSO_ThreePhase_Fault,ThreePhase,11,,ThreePhase,raw_waveforms/SSO_ThreePhase_Fault_Bus11.csv,True,33826183,10001,181
SSO_ThreePhase_Fault_Bus12,SSO_ThreePhase_Fault,ThreePhase,12,,ThreePhase,raw_waveforms/SSO_ThreePhase_Fault_Bus12.csv,True,34106606,10001,181
SSO_ThreePhase_Fault_Bus13,SSO_ThreePhase_Fault,ThreePhase,13,,ThreePhase,raw_waveforms/SSO_ThreePhase_Fault_Bus13.csv,True,33843569,10001,181
SSO_ThreePhase_Fault_Bus14,SSO_ThreePhase_Fault,ThreePhase,14,,ThreePhase,raw_waveforms/SSO_ThreePhase_Fault_Bus14.csv,True,34099390,10001,181
SSO_ThreePhase_Fault_Bus15,SSO_ThreePhase_Fault,ThreePhase,15,,ThreePhase,raw_waveforms/SSO_ThreePhase_Fault_Bus15.csv,True,34109599,10001,181
SSO_ThreePhase_Fault_Bus16,SSO_ThreePhase_Fault,ThreePhase,16,,ThreePhase,raw_waveforms/SSO_ThreePhase_Fault_Bus16.csv,True,34101607,10001,181
SSO_ThreePhase_Fault_Bus17,SSO_ThreePhase_Fault,ThreePhase,17,,ThreePhase,raw_waveforms/SSO_ThreePhase_Fault_Bus17.csv,True,34095723,10001,181
SSO_ThreePhase_Fault_Bus18,SSO_ThreePhase_Fault,ThreePhase,18,,ThreePhase,raw_waveforms/SSO_ThreePhase_Fault_Bus18.csv,True,34105110,10001,181
SSO_ThreePhase_Fault_Bus19,SSO_ThreePhase_Fault,ThreePhase,19,,ThreePhase,raw_waveforms/SSO_ThreePhase_Fault_Bus19.csv,True,34108609,10001,181
SSO_ThreePhase_Fault_Bus20,SSO_ThreePhase_Fault,ThreePhase,20,,ThreePhase,raw_waveforms/SSO_ThreePhase_Fault_Bus20.csv,True,34105775,10001,181
SSO_ThreePhase_Fault_Bus21,SSO_ThreePhase_Fault,ThreePhase,21,,ThreePhase,raw_waveforms/SSO_ThreePhase_Fault_Bus21.csv,True,34103221,10001,181
SSO_ThreePhase_Fault_Bus22,SSO_ThreePhase_Fault,ThreePhase,22,,ThreePhase,raw_waveforms/SSO_ThreePhase_Fault_Bus22.csv,True,34111506,10001,181
SSO_ThreePhase_Fault_Bus23,SSO_ThreePhase_Fault,ThreePhase,23,,ThreePhase,raw_waveforms/SSO_ThreePhase_Fault_Bus23.csv,True,34095016,10001,181
SSO_ThreePhase_Fault_Bus24,SSO_ThreePhase_Fault,ThreePhase,24,,ThreePhase,raw_waveforms/SSO_ThreePhase_Fault_Bus24.csv,True,34103053,10001,181
SSO_ThreePhase_Fault_Bus25,SSO_ThreePhase_Fault,ThreePhase,25,,ThreePhase,raw_waveforms/SSO_ThreePhase_Fault_Bus25.csv,True,34112191,10001,181
SSO_ThreePhase_Fault_Bus26,SSO_ThreePhase_Fault,ThreePhase,26,,ThreePhase,raw_waveforms/SSO_ThreePhase_Fault_Bus26.csv,True,34096634,10001,181
SSO_ThreePhase_Fault_Bus27,SSO_ThreePhase_Fault,ThreePhase,27,,ThreePhase,raw_waveforms/SSO_ThreePhase_Fault_Bus27.csv,True,34120580,10001,181
SSO_ThreePhase_Fault_Bus28,SSO_ThreePhase_Fault,ThreePhase,28,,ThreePhase,raw_waveforms/SSO_ThreePhase_Fault_Bus28.csv,True,34097251,10001,181
SSO_ThreePhase_Fault_Bus29,SSO_ThreePhase_Fault,ThreePhase,29,,ThreePhase,raw_waveforms/SSO_ThreePhase_Fault_Bus29.csv,True,34094686,10001,181
SSO_ThreePhase_Fault_Bus30,SSO_ThreePhase_Fault,ThreePhase,30,,ThreePhase,raw_waveforms/SSO_ThreePhase_Fault_Bus30.csv,True,34098279,10001,181
E1_LoadSwitch5pct_Bus02,SSO_LoadSwitch,LoadSwitch5pct,2,5,,raw_waveforms/E1_LoadSwitch5pct_Bus02.csv,True,34106274,10001,181
E1_LoadSwitch5pct_Bus03,SSO_LoadSwitch,LoadSwitch5pct,3,5,,raw_waveforms/E1_LoadSwitch5pct_Bus03.csv,True,34105981,10001,181
E1_LoadSwitch5pct_Bus04,SSO_LoadSwitch,LoadSwitch5pct,4,5,,raw_waveforms/E1_LoadSwitch5pct_Bus04.csv,True,34105855,10001,181
E1_LoadSwitch5pct_Bus05,SSO_LoadSwitch,LoadSwitch5pct,5,5,,raw_waveforms/E1_LoadSwitch5pct_Bus05.csv,True,34105543,10001,181
E1_LoadSwitch5pct_Bus07,SSO_LoadSwitch,LoadSwitch5pct,7,5,,raw_waveforms/E1_LoadSwitch5pct_Bus07.csv,True,34105827,10001,181
E1_LoadSwitch5pct_Bus08,SSO_LoadSwitch,LoadSwitch5pct,8,5,,raw_waveforms/E1_LoadSwitch5pct_Bus08.csv,True,34107037,10001,181
E1_LoadSwitch5pct_Bus10,SSO_LoadSwitch,LoadSwitch5pct,10,5,,raw_waveforms/E1_LoadSwitch5pct_Bus10.csv,True,34105899,10001,181
E1_LoadSwitch5pct_Bus12,SSO_LoadSwitch,LoadSwitch5pct,12,5,,raw_waveforms/E1_LoadSwitch5pct_Bus12.csv,True,34104753,10001,181
E1_LoadSwitch5pct_Bus14,SSO_LoadSwitch,LoadSwitch5pct,14,5,,raw_waveforms/E1_LoadSwitch5pct_Bus14.csv,True,34106461,10001,181
E1_LoadSwitch5pct_Bus15,SSO_LoadSwitch,LoadSwitch5pct,15,5,,raw_waveforms/E1_LoadSwitch5pct_Bus15.csv,True,34105209,10001,181
E1_LoadSwitch5pct_Bus16,SSO_LoadSwitch,LoadSwitch5pct,16,5,,raw_waveforms/E1_LoadSwitch5pct_Bus16.csv,True,34106145,10001,181
E1_LoadSwitch5pct_Bus17,SSO_LoadSwitch,LoadSwitch5pct,17,5,,raw_waveforms/E1_LoadSwitch5pct_Bus17.csv,True,34106347,10001,181
E1_LoadSwitch5pct_Bus18,SSO_LoadSwitch,LoadSwitch5pct,18,5,,raw_waveforms/E1_LoadSwitch5pct_Bus18.csv,True,34105025,10001,181
E1_LoadSwitch5pct_Bus19,SSO_LoadSwitch,LoadSwitch5pct,19,5,,raw_waveforms/E1_LoadSwitch5pct_Bus19.csv,True,34106196,10001,181
E1_LoadSwitch5pct_Bus20,SSO_LoadSwitch,LoadSwitch5pct,20,5,,raw_waveforms/E1_LoadSwitch5pct_Bus20.csv,True,34104634,10001,181
E1_LoadSwitch5pct_Bus21,SSO_LoadSwitch,LoadSwitch5pct,21,5,,raw_waveforms/E1_LoadSwitch5pct_Bus21.csv,True,34105300,10001,181
E1_LoadSwitch5pct_Bus23,SSO_LoadSwitch,LoadSwitch5pct,23,5,,raw_waveforms/E1_LoadSwitch5pct_Bus23.csv,True,34105736,10001,181
E1_LoadSwitch5pct_Bus24,SSO_LoadSwitch,LoadSwitch5pct,24,5,,raw_waveforms/E1_LoadSwitch5pct_Bus24.csv,True,34105935,10001,181
E1_LoadSwitch5pct_Bus26,SSO_LoadSwitch,LoadSwitch5pct,26,5,,raw_waveforms/E1_LoadSwitch5pct_Bus26.csv,True,34105144,10001,181
E1_LoadSwitch5pct_Bus29,SSO_LoadSwitch,LoadSwitch5pct,29,5,,raw_waveforms/E1_LoadSwitch5pct_Bus29.csv,True,34104948,10001,181
E1_LoadSwitch5pct_Bus30,SSO_LoadSwitch,LoadSwitch5pct,30,5,,raw_waveforms/E1_LoadSwitch5pct_Bus30.csv,True,34104739,10001,181
E2_LoadSwitch30pct_Bus02,SSO_LoadSwitch,LoadSwitch30pct,2,30,,raw_waveforms/E2_LoadSwitch30pct_Bus02.csv,True,34107877,10001,181
E2_LoadSwitch30pct_Bus03,SSO_LoadSwitch,LoadSwitch30pct,3,30,,raw_waveforms/E2_LoadSwitch30pct_Bus03.csv,True,34104017,10001,181
E2_LoadSwitch30pct_Bus04,SSO_LoadSwitch,LoadSwitch30pct,4,30,,raw_waveforms/E2_LoadSwitch30pct_Bus04.csv,True,34105706,10001,181
E2_LoadSwitch30pct_Bus05,SSO_LoadSwitch,LoadSwitch30pct,5,30,,raw_waveforms/E2_LoadSwitch30pct_Bus05.csv,True,34081155,10001,181
E2_LoadSwitch30pct_Bus07,SSO_LoadSwitch,LoadSwitch30pct,7,30,,raw_waveforms/E2_LoadSwitch30pct_Bus07.csv,True,34102423,10001,181
E2_LoadSwitch30pct_Bus08,SSO_LoadSwitch,LoadSwitch30pct,8,30,,raw_waveforms/E2_LoadSwitch30pct_Bus08.csv,True,34110028,10001,181
E2_LoadSwitch30pct_Bus10,SSO_LoadSwitch,LoadSwitch30pct,10,30,,raw_waveforms/E2_LoadSwitch30pct_Bus10.csv,True,34105379,10001,181
E2_LoadSwitch30pct_Bus12,SSO_LoadSwitch,LoadSwitch30pct,12,30,,raw_waveforms/E2_LoadSwitch30pct_Bus12.csv,True,34099559,10001,181
E2_LoadSwitch30pct_Bus14,SSO_LoadSwitch,LoadSwitch30pct,14,30,,raw_waveforms/E2_LoadSwitch30pct_Bus14.csv,True,34104833,10001,181
E2_LoadSwitch30pct_Bus15,SSO_LoadSwitch,LoadSwitch30pct,15,30,,raw_waveforms/E2_LoadSwitch30pct_Bus15.csv,True,34105566,10001,181
E2_LoadSwitch30pct_Bus16,SSO_LoadSwitch,LoadSwitch30pct,16,30,,raw_waveforms/E2_LoadSwitch30pct_Bus16.csv,True,34105172,10001,181
E2_LoadSwitch30pct_Bus17,SSO_LoadSwitch,LoadSwitch30pct,17,30,,raw_waveforms/E2_LoadSwitch30pct_Bus17.csv,True,34101293,10001,181
E2_LoadSwitch30pct_Bus18,SSO_LoadSwitch,LoadSwitch30pct,18,30,,raw_waveforms/E2_LoadSwitch30pct_Bus18.csv,True,34104126,10001,181
E2_LoadSwitch30pct_Bus19,SSO_LoadSwitch,LoadSwitch30pct,19,30,,raw_waveforms/E2_LoadSwitch30pct_Bus19.csv,True,34105709,10001,181
E2_LoadSwitch30pct_Bus20,SSO_LoadSwitch,LoadSwitch30pct,20,30,,raw_waveforms/E2_LoadSwitch30pct_Bus20.csv,True,34103726,10001,181
E2_LoadSwitch30pct_Bus21,SSO_LoadSwitch,LoadSwitch30pct,21,30,,raw_waveforms/E2_LoadSwitch30pct_Bus21.csv,True,34101886,10001,181
E2_LoadSwitch30pct_Bus23,SSO_LoadSwitch,LoadSwitch30pct,23,30,,raw_waveforms/E2_LoadSwitch30pct_Bus23.csv,True,34104533,10001,181
E2_LoadSwitch30pct_Bus24,SSO_LoadSwitch,LoadSwitch30pct,24,30,,raw_waveforms/E2_LoadSwitch30pct_Bus24.csv,True,34098253,10001,181
E2_LoadSwitch30pct_Bus26,SSO_LoadSwitch,LoadSwitch30pct,26,30,,raw_waveforms/E2_LoadSwitch30pct_Bus26.csv,True,34100193,10001,181
E2_LoadSwitch30pct_Bus29,SSO_LoadSwitch,LoadSwitch30pct,29,30,,raw_waveforms/E2_LoadSwitch30pct_Bus29.csv,True,34102162,10001,181
E2_LoadSwitch30pct_Bus30,SSO_LoadSwitch,LoadSwitch30pct,30,30,,raw_waveforms/E2_LoadSwitch30pct_Bus30.csv,True,34097722,10001,181
