FigureNumber,FinalFile,SourceFile,SourceAnalysisRoot,SourceModifiedTime,ValidationStatus,Notes
1,fig01_overall_methodology.png,/home/hy/문서/WMU_project/analysis_paper_figures_final/figures_png/fig01_overall_framework.png;/home/hy/문서/WMU_project/analysis_interpretability_figures_final/figures_png/figI4_feature_space_and_learning_pipeline.png,/home/hy/문서/WMU_project/analysis_interpretability_figures_final;/home/hy/문서/WMU_project/analysis_paper_figures_final,2026-08-08T02:40:10,PASS,Composite methodology diagram using verified final framework and corrected learning-pipeline content; no new analysis.
2,fig02_test_systems.png,/home/hy/문서/WMU_project/analysis_paper_figures_final/figures_png/fig02_ieee_test_systems.png;/home/hy/문서/WMU_project/analysis_paper_figures_final/figures_pdf/fig02_ieee_test_systems.pdf,/home/hy/문서/WMU_project/analysis_paper_figures_final,2026-08-07T18:18:50,PASS,Verified final topology/system figure.
3,fig03_representative_waveforms.png,/home/hy/문서/WMU_project/analysis_interpretability_figures_final/figures_png/figI1_ieee14_representative_waveform_signatures.png;/home/hy/문서/WMU_project/analysis_interpretability_figures_final/figures_png/figI1_ieee30_representative_waveform_signatures.png,/home/hy/문서/WMU_project/analysis_interpretability_figures_final,2026-08-08T02:37:42,PASS,Composite of audited final IEEE14/IEEE30 waveform figures; channel-audit corrected sources only.
4,fig04_feature_extraction_and_distribution.png,/home/hy/문서/WMU_project/analysis_interpretability_figures_final/figures_png/figI2_physically_interpretable_feature_extraction.png;/home/hy/문서/WMU_project/analysis_interpretability_figures_final/figures_png/figI3_ieee14_eventwise_feature_distributions.png;/home/hy/문서/WMU_project/analysis_interpretability_figures_final/figures_png/figI3_ieee30_eventwise_feature_distributions.png,/home/hy/문서/WMU_project/analysis_interpretability_figures_final,2026-08-08T02:37:47,PASS,Composite of audited feature-concept and distribution figures; internal dominant-bin audit note removed from paper-facing text only.
5,fig05_full_wmu_baseline.png,/home/hy/문서/WMU_project/analysis_paper_figures_final/figures_png/fig03_full_wmu_baseline_performance.png;/home/hy/문서/WMU_project/analysis_paper_figures_final/figures_pdf/fig03_full_wmu_baseline_performance.pdf,/home/hy/문서/WMU_project/analysis_paper_figures_final,2026-08-07T18:18:51,PASS,Verified final full-WMU seen-condition baseline figure.
6,fig06_performance_vs_wmu_count.png,/home/hy/문서/WMU_project/analysis_paper_figures_final/figures_png/fig04_performance_vs_number_of_wmus.png;/home/hy/문서/WMU_project/analysis_paper_figures_final/figures_pdf/fig04_performance_vs_number_of_wmus.pdf,/home/hy/문서/WMU_project/analysis_paper_figures_final,2026-08-07T18:18:52,PASS,Verified final seen vs unseen-resistance k-WMU performance figure.
7,fig07_objective_oriented_placement.png,/home/hy/문서/WMU_project/analysis_paper_figures_final/figures_png/fig05_task_specific_placement.png;/home/hy/문서/WMU_project/analysis_paper_figures_final/figures_png/fig06_reduced_vs_full_wmu_performance.png,/home/hy/문서/WMU_project/analysis_paper_figures_final,2026-08-07T18:18:53,PASS,Composite of verified task-specific placement and reduced/full performance figures; no metric recalculation.
8,fig08_fault_parameter_robustness.png,/home/hy/문서/WMU_project/analysis_paper_figures_final/figures_png/fig07_fault_parameter_robustness.png;/home/hy/문서/WMU_project/analysis_paper_figures_final/figures_pdf/fig07_fault_parameter_robustness.pdf,/home/hy/문서/WMU_project/analysis_paper_figures_final,2026-08-07T18:18:54,PASS,Verified final representative five-location robustness figure.
9,fig09_sso_spectral_spatial.png,/home/hy/문서/WMU_project/analysis_paper_figures_final/figures_png/fig08_sso_spectral_spatial_characteristics.png;/home/hy/문서/WMU_project/analysis_paper_figures_final/figures_pdf/fig08_sso_spectral_spatial_characteristics.pdf,/home/hy/문서/WMU_project/analysis_paper_figures_final,2026-08-07T18:18:55,PASS,"Verified final SSO spectral/spatial figure; graph topology distance only, no electrical-distance claim."
