Network,Model,FeatureSet,WMUCount,SelectedWMUBuses,TrainCases,TestCases,FeatureColumnsPerWMU,CoarseAccuracy,CoarseMacroF1,CoarseMacroPrecision,CoarseMacroRecall
ieee14,ExtraTrees,Baseline,3,2;6;9,360,180,40,0.9833333333333333,0.9817566751238371,0.9791666666666666,0.9851851851851853
ieee14,RandomForest,Baseline,3,2;6;9,360,180,40,0.25,0.13333333333333333,0.08333333333333333,0.3333333333333333
ieee14,ExtraTrees,Baseline+NormVI,3,2;6;9,360,180,44,0.7944444444444444,0.8073025092737756,0.8299888517279822,0.8518518518518517
ieee14,RandomForest,Baseline+NormVI,3,2;6;9,360,180,44,0.25,0.13333333333333333,0.08333333333333333,0.3333333333333333
ieee14,ExtraTrees,Baseline+NormVI+Rank,3,2;6;9,360,180,46,0.6,0.610416692042534,0.7242307692307692,0.7037037037037037
ieee14,RandomForest,Baseline+NormVI+Rank,3,2;6;9,360,180,46,0.25,0.13333333333333333,0.08333333333333333,0.3333333333333333
ieee14,ExtraTrees,Baseline+NormVI+Rank+VI,3,2;6;9,360,180,48,0.8,0.8150456268045456,0.8413885692366705,0.8555555555555555
ieee14,RandomForest,Baseline+NormVI+Rank+VI,3,2;6;9,360,180,48,0.25,0.13333333333333333,0.08333333333333333,0.3333333333333333
ieee14,ExtraTrees,SpatialOnly,3,2;6;9,360,180,8,0.5,0.23076923076923075,0.17647058823529413,0.3333333333333333
ieee14,RandomForest,SpatialOnly,3,2;6;9,360,180,8,0.4722222222222222,0.22135416666666666,0.1706827309236948,0.3148148148148148
ieee14,ExtraTrees,Baseline,5,2;6;9;11;4,360,180,40,0.6555555555555556,0.672858617131063,0.8068535825545172,0.7037037037037037
ieee14,RandomForest,Baseline,5,2;6;9;11;4,360,180,40,0.25,0.13333333333333333,0.08333333333333333,0.3333333333333333
ieee14,ExtraTrees,Baseline+NormVI,5,2;6;9;11;4,360,180,44,0.9222222222222223,0.9194836238389154,0.9294871794871794,0.9185185185185185
ieee14,RandomForest,Baseline+NormVI,5,2;6;9;11;4,360,180,44,0.25,0.13333333333333333,0.08333333333333333,0.3333333333333333
ieee14,ExtraTrees,Baseline+NormVI+Rank,5,2;6;9;11;4,360,180,46,0.6611111111111111,0.6742857142857143,0.7578947368421053,0.7703703703703703
ieee14,RandomForest,Baseline+NormVI+Rank,5,2;6;9;11;4,360,180,46,0.25,0.13333333333333333,0.08333333333333333,0.3333333333333333
ieee14,ExtraTrees,Baseline+NormVI+Rank+VI,5,2;6;9;11;4,360,180,48,0.9444444444444444,0.9464261228967111,0.9371980676328503,0.9629629629629629
ieee14,RandomForest,Baseline+NormVI+Rank+VI,5,2;6;9;11;4,360,180,48,0.2722222222222222,0.19016837504232462,0.418560606060606,0.36296296296296293
ieee14,ExtraTrees,SpatialOnly,5,2;6;9;11;4,360,180,8,0.5,0.2222222222222222,0.16666666666666666,0.3333333333333333
ieee14,RandomForest,SpatialOnly,5,2;6;9;11;4,360,180,8,0.4888888888888889,0.3428965694297359,0.30482421976424157,0.3962962962962963
ieee14,ExtraTrees,Baseline,14,1;2;3;4;5;6;7;8;9;10;11;12;13;14,360,180,40,0.46111111111111114,0.432922006011707,0.3571039469122963,0.6148148148148148
ieee14,RandomForest,Baseline,14,1;2;3;4;5;6;7;8;9;10;11;12;13;14,360,180,40,0.25,0.13333333333333333,0.08333333333333333,0.3333333333333333
ieee14,ExtraTrees,Baseline+NormVI,14,1;2;3;4;5;6;7;8;9;10;11;12;13;14,360,180,44,0.5833333333333334,0.6016796272943814,0.7465963987703118,0.6592592592592593
ieee14,RandomForest,Baseline+NormVI,14,1;2;3;4;5;6;7;8;9;10;11;12;13;14,360,180,44,0.25,0.13333333333333333,0.08333333333333333,0.3333333333333333
ieee14,ExtraTrees,Baseline+NormVI+Rank,14,1;2;3;4;5;6;7;8;9;10;11;12;13;14,360,180,46,0.4666666666666667,0.4432471264367816,0.37118103055175555,0.6222222222222222
ieee14,RandomForest,Baseline+NormVI+Rank,14,1;2;3;4;5;6;7;8;9;10;11;12;13;14,360,180,46,0.25,0.13333333333333333,0.08333333333333333,0.3333333333333333
ieee14,ExtraTrees,Baseline+NormVI+Rank+VI,14,1;2;3;4;5;6;7;8;9;10;11;12;13;14,360,180,48,0.45,0.4665772692055546,0.7582284382284382,0.5555555555555555
ieee14,RandomForest,Baseline+NormVI+Rank+VI,14,1;2;3;4;5;6;7;8;9;10;11;12;13;14,360,180,48,0.25,0.13333333333333333,0.08333333333333333,0.3333333333333333
ieee14,ExtraTrees,SpatialOnly,14,1;2;3;4;5;6;7;8;9;10;11;12;13;14,360,180,8,0.5,0.2298850574712644,0.17543859649122806,0.3333333333333333
ieee14,RandomForest,SpatialOnly,14,1;2;3;4;5;6;7;8;9;10;11;12;13;14,360,180,8,0.5,0.2298850574712644,0.17543859649122806,0.3333333333333333
ieee30,ExtraTrees,Baseline,3,6;1;2,360,180,40,0.48333333333333334,0.5037110585319137,0.7753623188405797,0.6185185185185186
ieee30,RandomForest,Baseline,3,6;1;2,360,180,40,0.3,0.25,0.42105263157894735,0.39999999999999997
ieee30,ExtraTrees,Baseline+NormVI,3,6;1;2,360,180,44,0.34444444444444444,0.3006410256410256,0.7586912065439674,0.4222222222222222
ieee30,RandomForest,Baseline+NormVI,3,6;1;2,360,180,44,0.35555555555555557,0.3434332657633628,0.7598343685300207,0.4703703703703704
ieee30,ExtraTrees,Baseline+NormVI+Rank,3,6;1;2,360,180,46,0.4722222222222222,0.49217874591008925,0.7738095238095238,0.562962962962963
ieee30,RandomForest,Baseline+NormVI+Rank,3,6;1;2,360,180,46,0.35555555555555557,0.3434332657633628,0.7598343685300207,0.4703703703703704
ieee30,ExtraTrees,Baseline+NormVI+Rank+VI,3,6;1;2,360,180,48,0.5333333333333333,0.55747322852586,0.7544642857142857,0.6296296296296297
ieee30,RandomForest,Baseline+NormVI+Rank+VI,3,6;1;2,360,180,48,0.3055555555555556,0.2607470049330514,0.4215686274509804,0.40740740740740744
ieee30,ExtraTrees,SpatialOnly,3,6;1;2,360,180,8,0.45,0.4110640786615372,0.41294170710464106,0.41111111111111115
ieee30,RandomForest,SpatialOnly,3,6;1;2,360,180,8,0.4166666666666667,0.40046661973678616,0.5035842293906809,0.4777777777777777
ieee30,ExtraTrees,Baseline,5,6;1;2;3;4,360,180,40,0.35555555555555557,0.34291952050908464,0.7598343685300207,0.4666666666666666
ieee30,RandomForest,Baseline,5,6;1;2;3;4,360,180,40,0.6333333333333333,0.6659919028340081,0.8018018018018017,0.7555555555555555
ieee30,ExtraTrees,Baseline+NormVI,5,6;1;2;3;4,360,180,44,0.5,0.5246768507638073,0.7777777777777778,0.5888888888888889
ieee30,RandomForest,Baseline+NormVI,5,6;1;2;3;4,360,180,44,0.3,0.25,0.42105263157894735,0.39999999999999997
ieee30,ExtraTrees,Baseline+NormVI+Rank,5,6;1;2;3;4,360,180,46,0.3333333333333333,0.3067751838366531,0.7575757575757575,0.43703703703703706
ieee30,RandomForest,Baseline+NormVI+Rank,5,6;1;2;3;4,360,180,46,0.3,0.25,0.42105263157894735,0.39999999999999997
ieee30,ExtraTrees,Baseline+NormVI+Rank+VI,5,6;1;2;3;4,360,180,48,0.7166666666666667,0.7397498603808264,0.80006105006105,0.8037037037037037
ieee30,RandomForest,Baseline+NormVI+Rank+VI,5,6;1;2;3;4,360,180,48,0.3388888888888889,0.3184040578346014,0.4247967479674797,0.4518518518518519
ieee30,ExtraTrees,SpatialOnly,5,6;1;2;3;4,360,180,8,0.5277777777777778,0.44583934583934576,0.47481481481481486,0.47777777777777786
ieee30,RandomForest,SpatialOnly,5,6;1;2;3;4,360,180,8,0.5555555555555556,0.48590364418443577,0.4918569762718971,0.48518518518518516
ieee30,ExtraTrees,Baseline,30,1;2;3;4;5;6;7;8;9;10;11;12;13;14;15;16;17;18;19;20;21;22;23;24;25;26;27;28;29;30,360,180,40,0.37777777777777777,0.35386936751927617,0.7622080679405521,0.45555555555555555
ieee30,RandomForest,Baseline,30,1;2;3;4;5;6;7;8;9;10;11;12;13;14;15;16;17;18;19;20;21;22;23;24;25;26;27;28;29;30,360,180,40,0.25,0.13333333333333333,0.08333333333333333,0.3333333333333333
ieee30,ExtraTrees,Baseline+NormVI,30,1;2;3;4;5;6;7;8;9;10;11;12;13;14;15;16;17;18;19;20;21;22;23;24;25;26;27;28;29;30,360,180,44,0.3388888888888889,0.3144713335568672,0.758130081300813,0.4407407407407407
ieee30,RandomForest,Baseline+NormVI,30,1;2;3;4;5;6;7;8;9;10;11;12;13;14;15;16;17;18;19;20;21;22;23;24;25;26;27;28;29;30,360,180,44,0.25,0.13333333333333333,0.08333333333333333,0.3333333333333333
ieee30,ExtraTrees,Baseline+NormVI+Rank,30,1;2;3;4;5;6;7;8;9;10;11;12;13;14;15;16;17;18;19;20;21;22;23;24;25;26;27;28;29;30,360,180,46,0.3055555555555556,0.2546565681617287,0.7549019607843137,0.39999999999999997
ieee30,RandomForest,Baseline+NormVI+Rank,30,1;2;3;4;5;6;7;8;9;10;11;12;13;14;15;16;17;18;19;20;21;22;23;24;25;26;27;28;29;30,360,180,46,0.25,0.13333333333333333,0.08333333333333333,0.3333333333333333
ieee30,ExtraTrees,Baseline+NormVI+Rank+VI,30,1;2;3;4;5;6;7;8;9;10;11;12;13;14;15;16;17;18;19;20;21;22;23;24;25;26;27;28;29;30,360,180,48,0.25,0.13333333333333333,0.08333333333333333,0.3333333333333333
ieee30,RandomForest,Baseline+NormVI+Rank+VI,30,1;2;3;4;5;6;7;8;9;10;11;12;13;14;15;16;17;18;19;20;21;22;23;24;25;26;27;28;29;30,360,180,48,0.25,0.13333333333333333,0.08333333333333333,0.3333333333333333
ieee30,ExtraTrees,SpatialOnly,30,1;2;3;4;5;6;7;8;9;10;11;12;13;14;15;16;17;18;19;20;21;22;23;24;25;26;27;28;29;30,360,180,8,0.49444444444444446,0.3490225109346757,0.3465579960399687,0.38148148148148153
ieee30,RandomForest,SpatialOnly,30,1;2;3;4;5;6;7;8;9;10;11;12;13;14;15;16;17;18;19;20;21;22;23;24;25;26;27;28;29;30,360,180,8,0.5055555555555555,0.3849496648214327,0.39177137225917713,0.4037037037037037
