Network,Model,FeatureSet,WMUCount,SelectedWMUBuses,TrainCases,TestCases,FeatureColumnsPerWMU,FaultTypeAccuracy,FaultTypeMacroF1,FaultTypeMacroPrecision,FaultTypeMacroRecall
ieee14,ExtraTrees,Baseline,3,2;6;9,360,180,40,0.7222222222222222,0.6353404998362981,0.5915744957709824,0.7222222222222222
ieee14,RandomForest,Baseline,3,2;6;9,360,180,40,0.25,0.1,0.0625,0.25
ieee14,ExtraTrees,Baseline+NormVI,3,2;6;9,360,180,44,0.5388888888888889,0.4198336067602123,0.5289922591743119,0.5388888888888889
ieee14,RandomForest,Baseline+NormVI,3,2;6;9,360,180,44,0.25,0.1,0.0625,0.25
ieee14,ExtraTrees,Baseline+NormVI+Rank,3,2;6;9,360,180,46,0.6722222222222223,0.5984814843418157,0.5920918367346939,0.6722222222222223
ieee14,RandomForest,Baseline+NormVI+Rank,3,2;6;9,360,180,46,0.25,0.1,0.0625,0.25
ieee14,ExtraTrees,Baseline+NormVI+Rank+VI,3,2;6;9,360,180,48,0.7277777777777777,0.636011815467261,0.5808813727902875,0.7277777777777777
ieee14,RandomForest,Baseline+NormVI+Rank+VI,3,2;6;9,360,180,48,0.25,0.1,0.0625,0.25
ieee14,ExtraTrees,SpatialOnly,3,2;6;9,360,180,8,0.25,0.11083743842364532,0.07120253164556962,0.25
ieee14,RandomForest,SpatialOnly,3,2;6;9,360,180,8,0.25555555555555554,0.12684894666069027,0.325503355704698,0.25555555555555554
ieee14,ExtraTrees,Baseline,5,2;6;9;11;4,360,180,40,0.7,0.6075920700253428,0.561252446183953,0.7
ieee14,RandomForest,Baseline,5,2;6;9;11;4,360,180,40,0.25,0.1,0.0625,0.25
ieee14,ExtraTrees,Baseline+NormVI,5,2;6;9;11;4,360,180,44,0.6666666666666666,0.5671209273182958,0.49648187633262264,0.6666666666666666
ieee14,RandomForest,Baseline+NormVI,5,2;6;9;11;4,360,180,44,0.25,0.1,0.0625,0.25
ieee14,ExtraTrees,Baseline+NormVI+Rank,5,2;6;9;11;4,360,180,46,0.55,0.4856800137207493,0.5256938857602574,0.55
ieee14,RandomForest,Baseline+NormVI+Rank,5,2;6;9;11;4,360,180,46,0.25,0.1,0.0625,0.25
ieee14,ExtraTrees,Baseline+NormVI+Rank+VI,5,2;6;9;11;4,360,180,48,0.6444444444444445,0.5601590311097353,0.5590990187332738,0.6444444444444444
ieee14,RandomForest,Baseline+NormVI+Rank+VI,5,2;6;9;11;4,360,180,48,0.2833333333333333,0.16156325543916195,0.3146551724137931,0.2833333333333333
ieee14,ExtraTrees,SpatialOnly,5,2;6;9;11;4,360,180,8,0.25,0.1,0.0625,0.25
ieee14,RandomForest,SpatialOnly,5,2;6;9;11;4,360,180,8,0.3,0.2,0.16666666666666669,0.30000000000000004
ieee14,ExtraTrees,Baseline,14,1;2;3;4;5;6;7;8;9;10;11;12;13;14,360,180,40,0.45,0.30700644270593647,0.2420787987326078,0.45
ieee14,RandomForest,Baseline,14,1;2;3;4;5;6;7;8;9;10;11;12;13;14,360,180,40,0.25,0.1,0.0625,0.25
ieee14,ExtraTrees,Baseline+NormVI,14,1;2;3;4;5;6;7;8;9;10;11;12;13;14,360,180,44,0.7444444444444445,0.6457019830227889,0.5815276273022751,0.7444444444444445
ieee14,RandomForest,Baseline+NormVI,14,1;2;3;4;5;6;7;8;9;10;11;12;13;14,360,180,44,0.25,0.1,0.0625,0.25
ieee14,ExtraTrees,Baseline+NormVI+Rank,14,1;2;3;4;5;6;7;8;9;10;11;12;13;14,360,180,46,0.7222222222222222,0.6283795196971909,0.5688596491228071,0.7222222222222222
ieee14,RandomForest,Baseline+NormVI+Rank,14,1;2;3;4;5;6;7;8;9;10;11;12;13;14,360,180,46,0.25,0.1,0.0625,0.25
ieee14,ExtraTrees,Baseline+NormVI+Rank+VI,14,1;2;3;4;5;6;7;8;9;10;11;12;13;14,360,180,48,0.5722222222222222,0.5033935861734723,0.5355026758409785,0.5722222222222222
ieee14,RandomForest,Baseline+NormVI+Rank+VI,14,1;2;3;4;5;6;7;8;9;10;11;12;13;14,360,180,48,0.25,0.1,0.0625,0.25
ieee14,ExtraTrees,SpatialOnly,14,1;2;3;4;5;6;7;8;9;10;11;12;13;14,360,180,8,0.25,0.10416666666666667,0.06578947368421052,0.25
ieee14,RandomForest,SpatialOnly,14,1;2;3;4;5;6;7;8;9;10;11;12;13;14,360,180,8,0.25,0.1,0.0625,0.25
ieee30,ExtraTrees,Baseline,3,6;1;2,360,180,40,0.35555555555555557,0.26295000904540794,0.5698757763975155,0.35555555555555557
ieee30,RandomForest,Baseline,3,6;1;2,360,180,40,0.35,0.24665775401069517,0.28504043126684636,0.35
ieee30,ExtraTrees,Baseline+NormVI,3,6;1;2,360,180,44,0.4111111111111111,0.3580124248681949,0.5745033112582781,0.4111111111111111
ieee30,RandomForest,Baseline+NormVI,3,6;1;2,360,180,44,0.4,0.330955615942029,0.514030612244898,0.4
ieee30,ExtraTrees,Baseline+NormVI+Rank,3,6;1;2,360,180,46,0.4777777777777778,0.4125612092825208,0.5565217391304348,0.4777777777777778
ieee30,RandomForest,Baseline+NormVI+Rank,3,6;1;2,360,180,46,0.5,0.4317460317460317,0.49615384615384617,0.5
ieee30,ExtraTrees,Baseline+NormVI+Rank+VI,3,6;1;2,360,180,48,0.42777777777777776,0.37867708507437736,0.5760135135135135,0.42777777777777776
ieee30,RandomForest,Baseline+NormVI+Rank+VI,3,6;1;2,360,180,48,0.4,0.3263018556300398,0.48938561438561434,0.4
ieee30,ExtraTrees,SpatialOnly,3,6;1;2,360,180,8,0.40555555555555556,0.4199009522570857,0.5135203662079929,0.40555555555555556
ieee30,RandomForest,SpatialOnly,3,6;1;2,360,180,8,0.4777777777777778,0.4617344956716597,0.6047624592454588,0.4777777777777778
ieee30,ExtraTrees,Baseline,5,6;1;2;3;4,360,180,40,0.4222222222222222,0.3490779729925948,0.575503355704698,0.4222222222222222
ieee30,RandomForest,Baseline,5,6;1;2;3;4,360,180,40,0.45,0.36032196969696967,0.47610294117647056,0.45
ieee30,ExtraTrees,Baseline+NormVI,5,6;1;2;3;4,360,180,44,0.48333333333333334,0.43277713420067726,0.5533088235294118,0.48333333333333334
ieee30,RandomForest,Baseline+NormVI,5,6;1;2;3;4,360,180,44,0.3,0.1875,0.3157894736842105,0.3
ieee30,ExtraTrees,Baseline+NormVI+Rank,5,6;1;2;3;4,360,180,46,0.37222222222222223,0.30495320433346307,0.5712025316455697,0.37222222222222223
ieee30,RandomForest,Baseline+NormVI+Rank,5,6;1;2;3;4,360,180,46,0.5,0.3970588235294118,0.49702380952380953,0.5
ieee30,ExtraTrees,Baseline+NormVI+Rank+VI,5,6;1;2;3;4,360,180,48,0.40555555555555556,0.34358247538299347,0.5283944658944659,0.40555555555555556
ieee30,RandomForest,Baseline+NormVI+Rank+VI,5,6;1;2;3;4,360,180,48,0.38333333333333336,0.3057539104245604,0.46259990009990004,0.3833333333333333
ieee30,ExtraTrees,SpatialOnly,5,6;1;2;3;4,360,180,8,0.5055555555555555,0.5111347133086264,0.5356763288027822,0.5055555555555555
ieee30,RandomForest,SpatialOnly,5,6;1;2;3;4,360,180,8,0.39444444444444443,0.39976909055856424,0.4184103090990139,0.39444444444444443
ieee30,ExtraTrees,Baseline,30,1;2;3;4;5;6;7;8;9;10;11;12;13;14;15;16;17;18;19;20;21;22;23;24;25;26;27;28;29;30,360,180,40,0.4444444444444444,0.3946691226264322,0.5775862068965517,0.4444444444444444
ieee30,RandomForest,Baseline,30,1;2;3;4;5;6;7;8;9;10;11;12;13;14;15;16;17;18;19;20;21;22;23;24;25;26;27;28;29;30,360,180,40,0.4,0.2857142857142857,0.265625,0.4
ieee30,ExtraTrees,Baseline+NormVI,30,1;2;3;4;5;6;7;8;9;10;11;12;13;14;15;16;17;18;19;20;21;22;23;24;25;26;27;28;29;30,360,180,44,0.29444444444444445,0.179158334057908,0.31540697674418605,0.29444444444444445
ieee30,RandomForest,Baseline+NormVI,30,1;2;3;4;5;6;7;8;9;10;11;12;13;14;15;16;17;18;19;20;21;22;23;24;25;26;27;28;29;30,360,180,44,0.3277777777777778,0.22527913888665757,0.3177710843373494,0.3277777777777778
ieee30,ExtraTrees,Baseline+NormVI+Rank,30,1;2;3;4;5;6;7;8;9;10;11;12;13;14;15;16;17;18;19;20;21;22;23;24;25;26;27;28;29;30,360,180,46,0.3277777777777778,0.23609935680433308,0.5677710843373494,0.3277777777777778
ieee30,RandomForest,Baseline+NormVI+Rank,30,1;2;3;4;5;6;7;8;9;10;11;12;13;14;15;16;17;18;19;20;21;22;23;24;25;26;27;28;29;30,360,180,46,0.25,0.1,0.0625,0.25
ieee30,ExtraTrees,Baseline+NormVI+Rank+VI,30,1;2;3;4;5;6;7;8;9;10;11;12;13;14;15;16;17;18;19;20;21;22;23;24;25;26;27;28;29;30,360,180,48,0.2777777777777778,0.15227272727272728,0.3142857142857143,0.2777777777777778
ieee30,RandomForest,Baseline+NormVI+Rank+VI,30,1;2;3;4;5;6;7;8;9;10;11;12;13;14;15;16;17;18;19;20;21;22;23;24;25;26;27;28;29;30,360,180,48,0.48333333333333334,0.32346442775077333,0.24429753101892465,0.48333333333333334
ieee30,ExtraTrees,SpatialOnly,30,1;2;3;4;5;6;7;8;9;10;11;12;13;14;15;16;17;18;19;20;21;22;23;24;25;26;27;28;29;30,360,180,8,0.4222222222222222,0.41554545454545455,0.5068181818181818,0.42222222222222217
ieee30,RandomForest,SpatialOnly,30,1;2;3;4;5;6;7;8;9;10;11;12;13;14;15;16;17;18;19;20;21;22;23;24;25;26;27;28;29;30,360,180,8,0.35,0.33539438502673796,0.6458333333333333,0.35
