Network,Model,FeatureSet,WMUCount,SelectedWMUBuses,TrainCases,TestCases,FeatureColumnsPerWMU,FaultBus,SampleCount,ExactBusAccuracy,GraphDistanceMAE,MajorConfusionBus,MajorConfusionCount
ieee14,ExtraTrees,Baseline,3,2;6;9,360,180,40,2,36,1.0,0.0,-1,0
ieee14,ExtraTrees,Baseline,3,2;6;9,360,180,40,6,36,0.0,2.0,2,36
ieee14,ExtraTrees,Baseline,3,2;6;9,360,180,40,9,36,0.0,2.0,2,35
ieee14,ExtraTrees,Baseline,3,2;6;9,360,180,40,11,36,0.0,3.0,2,36
ieee14,ExtraTrees,Baseline,3,2;6;9,360,180,40,14,36,0.0,3.0,2,36
ieee14,RandomForest,Baseline,3,2;6;9,360,180,40,2,36,1.0,0.0,-1,0
ieee14,RandomForest,Baseline,3,2;6;9,360,180,40,6,36,0.1111111111111111,1.7777777777777777,2,32
ieee14,RandomForest,Baseline,3,2;6;9,360,180,40,9,36,0.0,2.0,2,31
ieee14,RandomForest,Baseline,3,2;6;9,360,180,40,11,36,0.1388888888888889,2.5833333333333335,2,31
ieee14,RandomForest,Baseline,3,2;6;9,360,180,40,14,36,0.0,3.0,2,28
ieee14,ExtraTrees,Baseline+NormVI,3,2;6;9,360,180,44,2,36,1.0,0.0,-1,0
ieee14,ExtraTrees,Baseline+NormVI,3,2;6;9,360,180,44,6,36,1.0,0.0,-1,0
ieee14,ExtraTrees,Baseline+NormVI,3,2;6;9,360,180,44,9,36,1.0,0.0,-1,0
ieee14,ExtraTrees,Baseline+NormVI,3,2;6;9,360,180,44,11,36,1.0,0.0,-1,0
ieee14,ExtraTrees,Baseline+NormVI,3,2;6;9,360,180,44,14,36,1.0,0.0,-1,0
ieee14,RandomForest,Baseline+NormVI,3,2;6;9,360,180,44,2,36,1.0,0.0,-1,0
ieee14,RandomForest,Baseline+NormVI,3,2;6;9,360,180,44,6,36,1.0,0.0,-1,0
ieee14,RandomForest,Baseline+NormVI,3,2;6;9,360,180,44,9,36,1.0,0.0,-1,0
ieee14,RandomForest,Baseline+NormVI,3,2;6;9,360,180,44,11,36,1.0,0.0,-1,0
ieee14,RandomForest,Baseline+NormVI,3,2;6;9,360,180,44,14,36,0.6388888888888888,1.0833333333333333,11,13
ieee14,ExtraTrees,Baseline+NormVI+Rank,3,2;6;9,360,180,46,2,36,1.0,0.0,-1,0
ieee14,ExtraTrees,Baseline+NormVI+Rank,3,2;6;9,360,180,46,6,36,1.0,0.0,-1,0
ieee14,ExtraTrees,Baseline+NormVI+Rank,3,2;6;9,360,180,46,9,36,1.0,0.0,-1,0
ieee14,ExtraTrees,Baseline+NormVI+Rank,3,2;6;9,360,180,46,11,36,0.8333333333333334,0.16666666666666666,6,6
ieee14,ExtraTrees,Baseline+NormVI+Rank,3,2;6;9,360,180,46,14,36,1.0,0.0,-1,0
ieee14,RandomForest,Baseline+NormVI+Rank,3,2;6;9,360,180,46,2,36,1.0,0.0,-1,0
ieee14,RandomForest,Baseline+NormVI+Rank,3,2;6;9,360,180,46,6,36,1.0,0.0,-1,0
ieee14,RandomForest,Baseline+NormVI+Rank,3,2;6;9,360,180,46,9,36,1.0,0.0,-1,0
ieee14,RandomForest,Baseline+NormVI+Rank,3,2;6;9,360,180,46,11,36,1.0,0.0,-1,0
ieee14,RandomForest,Baseline+NormVI+Rank,3,2;6;9,360,180,46,14,36,0.2777777777777778,2.1666666666666665,11,26
ieee14,ExtraTrees,Baseline+NormVI+Rank+VI,3,2;6;9,360,180,48,2,36,1.0,0.0,-1,0
ieee14,ExtraTrees,Baseline+NormVI+Rank+VI,3,2;6;9,360,180,48,6,36,1.0,0.0,-1,0
ieee14,ExtraTrees,Baseline+NormVI+Rank+VI,3,2;6;9,360,180,48,9,36,1.0,0.0,-1,0
ieee14,ExtraTrees,Baseline+NormVI+Rank+VI,3,2;6;9,360,180,48,11,36,0.9444444444444444,0.1111111111111111,6,1
ieee14,ExtraTrees,Baseline+NormVI+Rank+VI,3,2;6;9,360,180,48,14,36,1.0,0.0,-1,0
ieee14,RandomForest,Baseline+NormVI+Rank+VI,3,2;6;9,360,180,48,2,36,1.0,0.0,-1,0
ieee14,RandomForest,Baseline+NormVI+Rank+VI,3,2;6;9,360,180,48,6,36,1.0,0.0,-1,0
ieee14,RandomForest,Baseline+NormVI+Rank+VI,3,2;6;9,360,180,48,9,36,1.0,0.0,-1,0
ieee14,RandomForest,Baseline+NormVI+Rank+VI,3,2;6;9,360,180,48,11,36,1.0,0.0,-1,0
ieee14,RandomForest,Baseline+NormVI+Rank+VI,3,2;6;9,360,180,48,14,36,0.6388888888888888,1.0833333333333333,11,13
ieee14,ExtraTrees,SpatialOnly,3,2;6;9,360,180,8,2,36,1.0,0.0,-1,0
ieee14,ExtraTrees,SpatialOnly,3,2;6;9,360,180,8,6,36,1.0,0.0,-1,0
ieee14,ExtraTrees,SpatialOnly,3,2;6;9,360,180,8,9,36,1.0,0.0,-1,0
ieee14,ExtraTrees,SpatialOnly,3,2;6;9,360,180,8,11,36,0.1111111111111111,0.8888888888888888,6,32
ieee14,ExtraTrees,SpatialOnly,3,2;6;9,360,180,8,14,36,1.0,0.0,-1,0
ieee14,RandomForest,SpatialOnly,3,2;6;9,360,180,8,2,36,1.0,0.0,-1,0
ieee14,RandomForest,SpatialOnly,3,2;6;9,360,180,8,6,36,1.0,0.0,-1,0
ieee14,RandomForest,SpatialOnly,3,2;6;9,360,180,8,9,36,1.0,0.0,-1,0
ieee14,RandomForest,SpatialOnly,3,2;6;9,360,180,8,11,36,0.8611111111111112,0.4166666666666667,14,5
ieee14,RandomForest,SpatialOnly,3,2;6;9,360,180,8,14,36,1.0,0.0,-1,0
ieee14,ExtraTrees,Baseline,5,2;6;9;11;4,360,180,40,2,36,1.0,0.0,-1,0
ieee14,ExtraTrees,Baseline,5,2;6;9;11;4,360,180,40,6,36,0.0,2.0,2,36
ieee14,ExtraTrees,Baseline,5,2;6;9;11;4,360,180,40,9,36,0.0,2.0,2,36
ieee14,ExtraTrees,Baseline,5,2;6;9;11;4,360,180,40,11,36,0.0,3.0,2,36
ieee14,ExtraTrees,Baseline,5,2;6;9;11;4,360,180,40,14,36,0.0,3.0,2,36
ieee14,RandomForest,Baseline,5,2;6;9;11;4,360,180,40,2,36,1.0,0.0,-1,0
ieee14,RandomForest,Baseline,5,2;6;9;11;4,360,180,40,6,36,0.027777777777777776,1.9444444444444444,2,35
ieee14,RandomForest,Baseline,5,2;6;9;11;4,360,180,40,9,36,0.0,2.0,2,36
ieee14,RandomForest,Baseline,5,2;6;9;11;4,360,180,40,11,36,0.0,3.0,2,36
ieee14,RandomForest,Baseline,5,2;6;9;11;4,360,180,40,14,36,0.0,3.0,2,36
ieee14,ExtraTrees,Baseline+NormVI,5,2;6;9;11;4,360,180,44,2,36,1.0,0.0,-1,0
ieee14,ExtraTrees,Baseline+NormVI,5,2;6;9;11;4,360,180,44,6,36,1.0,0.0,-1,0
ieee14,ExtraTrees,Baseline+NormVI,5,2;6;9;11;4,360,180,44,9,36,1.0,0.0,-1,0
ieee14,ExtraTrees,Baseline+NormVI,5,2;6;9;11;4,360,180,44,11,36,1.0,0.0,-1,0
ieee14,ExtraTrees,Baseline+NormVI,5,2;6;9;11;4,360,180,44,14,36,1.0,0.0,-1,0
ieee14,RandomForest,Baseline+NormVI,5,2;6;9;11;4,360,180,44,2,36,1.0,0.0,-1,0
ieee14,RandomForest,Baseline+NormVI,5,2;6;9;11;4,360,180,44,6,36,1.0,0.0,-1,0
ieee14,RandomForest,Baseline+NormVI,5,2;6;9;11;4,360,180,44,9,36,1.0,0.0,-1,0
ieee14,RandomForest,Baseline+NormVI,5,2;6;9;11;4,360,180,44,11,36,1.0,0.0,-1,0
ieee14,RandomForest,Baseline+NormVI,5,2;6;9;11;4,360,180,44,14,36,0.0,2.0,6,36
ieee14,ExtraTrees,Baseline+NormVI+Rank,5,2;6;9;11;4,360,180,46,2,36,1.0,0.0,-1,0
ieee14,ExtraTrees,Baseline+NormVI+Rank,5,2;6;9;11;4,360,180,46,6,36,1.0,0.0,-1,0
ieee14,ExtraTrees,Baseline+NormVI+Rank,5,2;6;9;11;4,360,180,46,9,36,1.0,0.0,-1,0
ieee14,ExtraTrees,Baseline+NormVI+Rank,5,2;6;9;11;4,360,180,46,11,36,1.0,0.0,-1,0
ieee14,ExtraTrees,Baseline+NormVI+Rank,5,2;6;9;11;4,360,180,46,14,36,0.08333333333333333,1.8333333333333333,6,33
ieee14,RandomForest,Baseline+NormVI+Rank,5,2;6;9;11;4,360,180,46,2,36,1.0,0.0,-1,0
ieee14,RandomForest,Baseline+NormVI+Rank,5,2;6;9;11;4,360,180,46,6,36,1.0,0.0,-1,0
ieee14,RandomForest,Baseline+NormVI+Rank,5,2;6;9;11;4,360,180,46,9,36,1.0,0.0,-1,0
ieee14,RandomForest,Baseline+NormVI+Rank,5,2;6;9;11;4,360,180,46,11,36,1.0,0.0,-1,0
ieee14,RandomForest,Baseline+NormVI+Rank,5,2;6;9;11;4,360,180,46,14,36,0.08333333333333333,1.8333333333333333,6,33
ieee14,ExtraTrees,Baseline+NormVI+Rank+VI,5,2;6;9;11;4,360,180,48,2,36,1.0,0.0,-1,0
ieee14,ExtraTrees,Baseline+NormVI+Rank+VI,5,2;6;9;11;4,360,180,48,6,36,1.0,0.0,-1,0
ieee14,ExtraTrees,Baseline+NormVI+Rank+VI,5,2;6;9;11;4,360,180,48,9,36,1.0,0.0,-1,0
ieee14,ExtraTrees,Baseline+NormVI+Rank+VI,5,2;6;9;11;4,360,180,48,11,36,1.0,0.0,-1,0
ieee14,ExtraTrees,Baseline+NormVI+Rank+VI,5,2;6;9;11;4,360,180,48,14,36,0.25,1.5,6,27
ieee14,RandomForest,Baseline+NormVI+Rank+VI,5,2;6;9;11;4,360,180,48,2,36,1.0,0.0,-1,0
ieee14,RandomForest,Baseline+NormVI+Rank+VI,5,2;6;9;11;4,360,180,48,6,36,1.0,0.0,-1,0
ieee14,RandomForest,Baseline+NormVI+Rank+VI,5,2;6;9;11;4,360,180,48,9,36,1.0,0.0,-1,0
ieee14,RandomForest,Baseline+NormVI+Rank+VI,5,2;6;9;11;4,360,180,48,11,36,1.0,0.0,-1,0
ieee14,RandomForest,Baseline+NormVI+Rank+VI,5,2;6;9;11;4,360,180,48,14,36,0.08333333333333333,1.8333333333333333,6,33
ieee14,ExtraTrees,SpatialOnly,5,2;6;9;11;4,360,180,8,2,36,1.0,0.0,-1,0
ieee14,ExtraTrees,SpatialOnly,5,2;6;9;11;4,360,180,8,6,36,1.0,0.0,-1,0
ieee14,ExtraTrees,SpatialOnly,5,2;6;9;11;4,360,180,8,9,36,1.0,0.0,-1,0
ieee14,ExtraTrees,SpatialOnly,5,2;6;9;11;4,360,180,8,11,36,1.0,0.0,-1,0
ieee14,ExtraTrees,SpatialOnly,5,2;6;9;11;4,360,180,8,14,36,0.08333333333333333,1.8333333333333333,6,33
ieee14,RandomForest,SpatialOnly,5,2;6;9;11;4,360,180,8,2,36,1.0,0.0,-1,0
ieee14,RandomForest,SpatialOnly,5,2;6;9;11;4,360,180,8,6,36,1.0,0.0,-1,0
ieee14,RandomForest,SpatialOnly,5,2;6;9;11;4,360,180,8,9,36,1.0,0.0,-1,0
ieee14,RandomForest,SpatialOnly,5,2;6;9;11;4,360,180,8,11,36,1.0,0.0,-1,0
ieee14,RandomForest,SpatialOnly,5,2;6;9;11;4,360,180,8,14,36,0.08333333333333333,1.8333333333333333,6,33
ieee14,ExtraTrees,Baseline,14,1;2;3;4;5;6;7;8;9;10;11;12;13;14,360,180,40,2,36,1.0,0.0,-1,0
ieee14,ExtraTrees,Baseline,14,1;2;3;4;5;6;7;8;9;10;11;12;13;14,360,180,40,6,36,0.0,2.0,2,36
ieee14,ExtraTrees,Baseline,14,1;2;3;4;5;6;7;8;9;10;11;12;13;14,360,180,40,9,36,0.0,2.0,2,36
ieee14,ExtraTrees,Baseline,14,1;2;3;4;5;6;7;8;9;10;11;12;13;14,360,180,40,11,36,0.0,3.0,2,36
ieee14,ExtraTrees,Baseline,14,1;2;3;4;5;6;7;8;9;10;11;12;13;14,360,180,40,14,36,0.0,3.0,2,36
ieee14,RandomForest,Baseline,14,1;2;3;4;5;6;7;8;9;10;11;12;13;14,360,180,40,2,36,1.0,0.0,-1,0
ieee14,RandomForest,Baseline,14,1;2;3;4;5;6;7;8;9;10;11;12;13;14,360,180,40,6,36,0.0,2.0,2,36
ieee14,RandomForest,Baseline,14,1;2;3;4;5;6;7;8;9;10;11;12;13;14,360,180,40,9,36,0.0,2.5277777777777777,6,19
ieee14,RandomForest,Baseline,14,1;2;3;4;5;6;7;8;9;10;11;12;13;14,360,180,40,11,36,0.0,2.5,2,27
ieee14,RandomForest,Baseline,14,1;2;3;4;5;6;7;8;9;10;11;12;13;14,360,180,40,14,36,0.0,2.75,2,27
ieee14,ExtraTrees,Baseline+NormVI,14,1;2;3;4;5;6;7;8;9;10;11;12;13;14,360,180,44,2,36,0.9444444444444444,0.1111111111111111,6,2
ieee14,ExtraTrees,Baseline+NormVI,14,1;2;3;4;5;6;7;8;9;10;11;12;13;14,360,180,44,6,36,1.0,0.0,-1,0
ieee14,ExtraTrees,Baseline+NormVI,14,1;2;3;4;5;6;7;8;9;10;11;12;13;14,360,180,44,9,36,0.0,3.0,6,36
ieee14,ExtraTrees,Baseline+NormVI,14,1;2;3;4;5;6;7;8;9;10;11;12;13;14,360,180,44,11,36,0.1111111111111111,0.8888888888888888,6,32
ieee14,ExtraTrees,Baseline+NormVI,14,1;2;3;4;5;6;7;8;9;10;11;12;13;14,360,180,44,14,36,0.027777777777777776,1.9444444444444444,6,35
ieee14,RandomForest,Baseline+NormVI,14,1;2;3;4;5;6;7;8;9;10;11;12;13;14,360,180,44,2,36,1.0,0.0,-1,0
ieee14,RandomForest,Baseline+NormVI,14,1;2;3;4;5;6;7;8;9;10;11;12;13;14,360,180,44,6,36,0.0,2.0,2,36
ieee14,RandomForest,Baseline+NormVI,14,1;2;3;4;5;6;7;8;9;10;11;12;13;14,360,180,44,9,36,0.0,2.5833333333333335,6,21
ieee14,RandomForest,Baseline+NormVI,14,1;2;3;4;5;6;7;8;9;10;11;12;13;14,360,180,44,11,36,0.0,2.5,2,27
ieee14,RandomForest,Baseline+NormVI,14,1;2;3;4;5;6;7;8;9;10;11;12;13;14,360,180,44,14,36,0.0,2.75,2,27
ieee14,ExtraTrees,Baseline+NormVI+Rank,14,1;2;3;4;5;6;7;8;9;10;11;12;13;14,360,180,46,2,36,1.0,0.0,-1,0
ieee14,ExtraTrees,Baseline+NormVI+Rank,14,1;2;3;4;5;6;7;8;9;10;11;12;13;14,360,180,46,6,36,1.0,0.0,-1,0
ieee14,ExtraTrees,Baseline+NormVI+Rank,14,1;2;3;4;5;6;7;8;9;10;11;12;13;14,360,180,46,9,36,0.9166666666666666,0.08333333333333333,14,3
ieee14,ExtraTrees,Baseline+NormVI+Rank,14,1;2;3;4;5;6;7;8;9;10;11;12;13;14,360,180,46,11,36,1.0,0.0,-1,0
ieee14,ExtraTrees,Baseline+NormVI+Rank,14,1;2;3;4;5;6;7;8;9;10;11;12;13;14,360,180,46,14,36,1.0,0.0,-1,0
ieee14,RandomForest,Baseline+NormVI+Rank,14,1;2;3;4;5;6;7;8;9;10;11;12;13;14,360,180,46,2,36,1.0,0.0,-1,0
ieee14,RandomForest,Baseline+NormVI+Rank,14,1;2;3;4;5;6;7;8;9;10;11;12;13;14,360,180,46,6,36,1.0,0.0,-1,0
ieee14,RandomForest,Baseline+NormVI+Rank,14,1;2;3;4;5;6;7;8;9;10;11;12;13;14,360,180,46,9,36,1.0,0.0,-1,0
ieee14,RandomForest,Baseline+NormVI+Rank,14,1;2;3;4;5;6;7;8;9;10;11;12;13;14,360,180,46,11,36,1.0,0.0,-1,0
ieee14,RandomForest,Baseline+NormVI+Rank,14,1;2;3;4;5;6;7;8;9;10;11;12;13;14,360,180,46,14,36,0.8055555555555556,0.5833333333333334,2,4
ieee14,ExtraTrees,Baseline+NormVI+Rank+VI,14,1;2;3;4;5;6;7;8;9;10;11;12;13;14,360,180,48,2,36,1.0,0.0,-1,0
ieee14,ExtraTrees,Baseline+NormVI+Rank+VI,14,1;2;3;4;5;6;7;8;9;10;11;12;13;14,360,180,48,6,36,1.0,0.0,-1,0
ieee14,ExtraTrees,Baseline+NormVI+Rank+VI,14,1;2;3;4;5;6;7;8;9;10;11;12;13;14,360,180,48,9,36,1.0,0.0,-1,0
ieee14,ExtraTrees,Baseline+NormVI+Rank+VI,14,1;2;3;4;5;6;7;8;9;10;11;12;13;14,360,180,48,11,36,1.0,0.0,-1,0
ieee14,ExtraTrees,Baseline+NormVI+Rank+VI,14,1;2;3;4;5;6;7;8;9;10;11;12;13;14,360,180,48,14,36,1.0,0.0,-1,0
ieee14,RandomForest,Baseline+NormVI+Rank+VI,14,1;2;3;4;5;6;7;8;9;10;11;12;13;14,360,180,48,2,36,1.0,0.0,-1,0
ieee14,RandomForest,Baseline+NormVI+Rank+VI,14,1;2;3;4;5;6;7;8;9;10;11;12;13;14,360,180,48,6,36,1.0,0.0,-1,0
ieee14,RandomForest,Baseline+NormVI+Rank+VI,14,1;2;3;4;5;6;7;8;9;10;11;12;13;14,360,180,48,9,36,1.0,0.0,-1,0
ieee14,RandomForest,Baseline+NormVI+Rank+VI,14,1;2;3;4;5;6;7;8;9;10;11;12;13;14,360,180,48,11,36,1.0,0.0,-1,0
ieee14,RandomForest,Baseline+NormVI+Rank+VI,14,1;2;3;4;5;6;7;8;9;10;11;12;13;14,360,180,48,14,36,1.0,0.0,-1,0
ieee14,ExtraTrees,SpatialOnly,14,1;2;3;4;5;6;7;8;9;10;11;12;13;14,360,180,8,2,36,1.0,0.0,-1,0
ieee14,ExtraTrees,SpatialOnly,14,1;2;3;4;5;6;7;8;9;10;11;12;13;14,360,180,8,6,36,0.9722222222222222,0.05555555555555555,14,1
ieee14,ExtraTrees,SpatialOnly,14,1;2;3;4;5;6;7;8;9;10;11;12;13;14,360,180,8,9,36,1.0,0.0,-1,0
ieee14,ExtraTrees,SpatialOnly,14,1;2;3;4;5;6;7;8;9;10;11;12;13;14,360,180,8,11,36,1.0,0.0,-1,0
ieee14,ExtraTrees,SpatialOnly,14,1;2;3;4;5;6;7;8;9;10;11;12;13;14,360,180,8,14,36,1.0,0.0,-1,0
ieee14,RandomForest,SpatialOnly,14,1;2;3;4;5;6;7;8;9;10;11;12;13;14,360,180,8,2,36,1.0,0.0,-1,0
ieee14,RandomForest,SpatialOnly,14,1;2;3;4;5;6;7;8;9;10;11;12;13;14,360,180,8,6,36,0.9444444444444444,0.1111111111111111,14,2
ieee14,RandomForest,SpatialOnly,14,1;2;3;4;5;6;7;8;9;10;11;12;13;14,360,180,8,9,36,1.0,0.0,-1,0
ieee14,RandomForest,SpatialOnly,14,1;2;3;4;5;6;7;8;9;10;11;12;13;14,360,180,8,11,36,1.0,0.0,-1,0
ieee14,RandomForest,SpatialOnly,14,1;2;3;4;5;6;7;8;9;10;11;12;13;14,360,180,8,14,36,1.0,0.0,-1,0
ieee30,ExtraTrees,Baseline,3,6;1;2,360,180,40,1,36,0.75,1.25,30,9
ieee30,ExtraTrees,Baseline,3,6;1;2,360,180,40,6,36,0.0,3.0,30,36
ieee30,ExtraTrees,Baseline,3,6;1;2,360,180,40,10,36,0.75,1.0,30,9
ieee30,ExtraTrees,Baseline,3,6;1;2,360,180,40,24,36,0.75,0.75,30,9
ieee30,ExtraTrees,Baseline,3,6;1;2,360,180,40,30,36,1.0,0.0,-1,0
ieee30,RandomForest,Baseline,3,6;1;2,360,180,40,1,36,0.75,1.25,30,9
ieee30,RandomForest,Baseline,3,6;1;2,360,180,40,6,36,0.0,3.0,30,36
ieee30,RandomForest,Baseline,3,6;1;2,360,180,40,10,36,0.75,1.0,30,9
ieee30,RandomForest,Baseline,3,6;1;2,360,180,40,24,36,0.75,0.75,30,9
ieee30,RandomForest,Baseline,3,6;1;2,360,180,40,30,36,1.0,0.0,-1,0
ieee30,ExtraTrees,Baseline+NormVI,3,6;1;2,360,180,44,1,36,1.0,0.0,-1,0
ieee30,ExtraTrees,Baseline+NormVI,3,6;1;2,360,180,44,6,36,1.0,0.0,-1,0
ieee30,ExtraTrees,Baseline+NormVI,3,6;1;2,360,180,44,10,36,0.75,1.0,30,9
ieee30,ExtraTrees,Baseline+NormVI,3,6;1;2,360,180,44,24,36,0.75,0.75,30,9
ieee30,ExtraTrees,Baseline+NormVI,3,6;1;2,360,180,44,30,36,1.0,0.0,-1,0
ieee30,RandomForest,Baseline+NormVI,3,6;1;2,360,180,44,1,36,0.9722222222222222,0.1388888888888889,30,1
ieee30,RandomForest,Baseline+NormVI,3,6;1;2,360,180,44,6,36,1.0,0.0,-1,0
ieee30,RandomForest,Baseline+NormVI,3,6;1;2,360,180,44,10,36,0.75,1.0,30,9
ieee30,RandomForest,Baseline+NormVI,3,6;1;2,360,180,44,24,36,0.75,0.75,30,9
ieee30,RandomForest,Baseline+NormVI,3,6;1;2,360,180,44,30,36,1.0,0.0,-1,0
ieee30,ExtraTrees,Baseline+NormVI+Rank,3,6;1;2,360,180,46,1,36,1.0,0.0,-1,0
ieee30,ExtraTrees,Baseline+NormVI+Rank,3,6;1;2,360,180,46,6,36,1.0,0.0,-1,0
ieee30,ExtraTrees,Baseline+NormVI+Rank,3,6;1;2,360,180,46,10,36,0.75,1.0,30,9
ieee30,ExtraTrees,Baseline+NormVI+Rank,3,6;1;2,360,180,46,24,36,0.75,0.75,30,9
ieee30,ExtraTrees,Baseline+NormVI+Rank,3,6;1;2,360,180,46,30,36,1.0,0.0,-1,0
ieee30,RandomForest,Baseline+NormVI+Rank,3,6;1;2,360,180,46,1,36,1.0,0.0,-1,0
ieee30,RandomForest,Baseline+NormVI+Rank,3,6;1;2,360,180,46,6,36,1.0,0.0,-1,0
ieee30,RandomForest,Baseline+NormVI+Rank,3,6;1;2,360,180,46,10,36,0.75,1.0,30,9
ieee30,RandomForest,Baseline+NormVI+Rank,3,6;1;2,360,180,46,24,36,0.75,0.75,30,9
ieee30,RandomForest,Baseline+NormVI+Rank,3,6;1;2,360,180,46,30,36,1.0,0.0,-1,0
ieee30,ExtraTrees,Baseline+NormVI+Rank+VI,3,6;1;2,360,180,48,1,36,1.0,0.0,-1,0
ieee30,ExtraTrees,Baseline+NormVI+Rank+VI,3,6;1;2,360,180,48,6,36,1.0,0.0,-1,0
ieee30,ExtraTrees,Baseline+NormVI+Rank+VI,3,6;1;2,360,180,48,10,36,0.75,1.0,30,9
ieee30,ExtraTrees,Baseline+NormVI+Rank+VI,3,6;1;2,360,180,48,24,36,0.75,0.75,30,9
ieee30,ExtraTrees,Baseline+NormVI+Rank+VI,3,6;1;2,360,180,48,30,36,1.0,0.0,-1,0
ieee30,RandomForest,Baseline+NormVI+Rank+VI,3,6;1;2,360,180,48,1,36,1.0,0.0,-1,0
ieee30,RandomForest,Baseline+NormVI+Rank+VI,3,6;1;2,360,180,48,6,36,1.0,0.0,-1,0
ieee30,RandomForest,Baseline+NormVI+Rank+VI,3,6;1;2,360,180,48,10,36,0.75,1.0,30,9
ieee30,RandomForest,Baseline+NormVI+Rank+VI,3,6;1;2,360,180,48,24,36,0.75,0.75,30,9
ieee30,RandomForest,Baseline+NormVI+Rank+VI,3,6;1;2,360,180,48,30,36,1.0,0.0,-1,0
ieee30,ExtraTrees,SpatialOnly,3,6;1;2,360,180,8,1,36,1.0,0.0,-1,0
ieee30,ExtraTrees,SpatialOnly,3,6;1;2,360,180,8,6,36,1.0,0.0,-1,0
ieee30,ExtraTrees,SpatialOnly,3,6;1;2,360,180,8,10,36,0.16666666666666666,3.2777777777777777,30,29
ieee30,ExtraTrees,SpatialOnly,3,6;1;2,360,180,8,24,36,0.1388888888888889,2.2222222222222223,30,18
ieee30,ExtraTrees,SpatialOnly,3,6;1;2,360,180,8,30,36,0.3888888888888889,1.8333333333333333,24,22
ieee30,RandomForest,SpatialOnly,3,6;1;2,360,180,8,1,36,1.0,0.0,-1,0
ieee30,RandomForest,SpatialOnly,3,6;1;2,360,180,8,6,36,1.0,0.0,-1,0
ieee30,RandomForest,SpatialOnly,3,6;1;2,360,180,8,10,36,0.4722222222222222,2.111111111111111,30,19
ieee30,RandomForest,SpatialOnly,3,6;1;2,360,180,8,24,36,0.0,2.5833333333333335,30,21
ieee30,RandomForest,SpatialOnly,3,6;1;2,360,180,8,30,36,0.75,0.8611111111111112,24,5
ieee30,ExtraTrees,Baseline,5,6;1;2;3;4,360,180,40,1,36,0.75,1.25,30,9
ieee30,ExtraTrees,Baseline,5,6;1;2;3;4,360,180,40,6,36,0.0,3.0,30,36
ieee30,ExtraTrees,Baseline,5,6;1;2;3;4,360,180,40,10,36,0.75,1.0,30,9
ieee30,ExtraTrees,Baseline,5,6;1;2;3;4,360,180,40,24,36,0.75,0.75,30,9
ieee30,ExtraTrees,Baseline,5,6;1;2;3;4,360,180,40,30,36,1.0,0.0,-1,0
ieee30,RandomForest,Baseline,5,6;1;2;3;4,360,180,40,1,36,0.75,1.25,30,9
ieee30,RandomForest,Baseline,5,6;1;2;3;4,360,180,40,6,36,0.0,3.0,30,36
ieee30,RandomForest,Baseline,5,6;1;2;3;4,360,180,40,10,36,0.75,1.0,30,9
ieee30,RandomForest,Baseline,5,6;1;2;3;4,360,180,40,24,36,0.75,0.75,30,9
ieee30,RandomForest,Baseline,5,6;1;2;3;4,360,180,40,30,36,1.0,0.0,-1,0
ieee30,ExtraTrees,Baseline+NormVI,5,6;1;2;3;4,360,180,44,1,36,1.0,0.0,-1,0
ieee30,ExtraTrees,Baseline+NormVI,5,6;1;2;3;4,360,180,44,6,36,1.0,0.0,-1,0
ieee30,ExtraTrees,Baseline+NormVI,5,6;1;2;3;4,360,180,44,10,36,0.75,0.8888888888888888,30,7
ieee30,ExtraTrees,Baseline+NormVI,5,6;1;2;3;4,360,180,44,24,36,0.9722222222222222,0.08333333333333333,30,1
ieee30,ExtraTrees,Baseline+NormVI,5,6;1;2;3;4,360,180,44,30,36,0.9722222222222222,0.08333333333333333,24,1
ieee30,RandomForest,Baseline+NormVI,5,6;1;2;3;4,360,180,44,1,36,1.0,0.0,-1,0
ieee30,RandomForest,Baseline+NormVI,5,6;1;2;3;4,360,180,44,6,36,1.0,0.0,-1,0
ieee30,RandomForest,Baseline+NormVI,5,6;1;2;3;4,360,180,44,10,36,0.75,0.7777777777777778,30,5
ieee30,RandomForest,Baseline+NormVI,5,6;1;2;3;4,360,180,44,24,36,1.0,0.0,-1,0
ieee30,RandomForest,Baseline+NormVI,5,6;1;2;3;4,360,180,44,30,36,0.9444444444444444,0.16666666666666666,24,2
ieee30,ExtraTrees,Baseline+NormVI+Rank,5,6;1;2;3;4,360,180,46,1,36,1.0,0.0,-1,0
ieee30,ExtraTrees,Baseline+NormVI+Rank,5,6;1;2;3;4,360,180,46,6,36,1.0,0.0,-1,0
ieee30,ExtraTrees,Baseline+NormVI+Rank,5,6;1;2;3;4,360,180,46,10,36,0.75,1.0,30,9
ieee30,ExtraTrees,Baseline+NormVI+Rank,5,6;1;2;3;4,360,180,46,24,36,0.8333333333333334,0.5,30,6
ieee30,ExtraTrees,Baseline+NormVI+Rank,5,6;1;2;3;4,360,180,46,30,36,1.0,0.0,-1,0
ieee30,RandomForest,Baseline+NormVI+Rank,5,6;1;2;3;4,360,180,46,1,36,1.0,0.0,-1,0
ieee30,RandomForest,Baseline+NormVI+Rank,5,6;1;2;3;4,360,180,46,6,36,1.0,0.0,-1,0
ieee30,RandomForest,Baseline+NormVI+Rank,5,6;1;2;3;4,360,180,46,10,36,0.75,1.0,30,9
ieee30,RandomForest,Baseline+NormVI+Rank,5,6;1;2;3;4,360,180,46,24,36,0.8055555555555556,0.5833333333333334,30,7
ieee30,RandomForest,Baseline+NormVI+Rank,5,6;1;2;3;4,360,180,46,30,36,1.0,0.0,-1,0
ieee30,ExtraTrees,Baseline+NormVI+Rank+VI,5,6;1;2;3;4,360,180,48,1,36,1.0,0.0,-1,0
ieee30,ExtraTrees,Baseline+NormVI+Rank+VI,5,6;1;2;3;4,360,180,48,6,36,1.0,0.0,-1,0
ieee30,ExtraTrees,Baseline+NormVI+Rank+VI,5,6;1;2;3;4,360,180,48,10,36,0.75,0.5555555555555556,24,8
ieee30,ExtraTrees,Baseline+NormVI+Rank+VI,5,6;1;2;3;4,360,180,48,24,36,1.0,0.0,-1,0
ieee30,ExtraTrees,Baseline+NormVI+Rank+VI,5,6;1;2;3;4,360,180,48,30,36,0.3055555555555556,2.0833333333333335,24,25
ieee30,RandomForest,Baseline+NormVI+Rank+VI,5,6;1;2;3;4,360,180,48,1,36,1.0,0.0,-1,0
ieee30,RandomForest,Baseline+NormVI+Rank+VI,5,6;1;2;3;4,360,180,48,6,36,1.0,0.0,-1,0
ieee30,RandomForest,Baseline+NormVI+Rank+VI,5,6;1;2;3;4,360,180,48,10,36,0.75,0.5,24,9
ieee30,RandomForest,Baseline+NormVI+Rank+VI,5,6;1;2;3;4,360,180,48,24,36,1.0,0.0,-1,0
ieee30,RandomForest,Baseline+NormVI+Rank+VI,5,6;1;2;3;4,360,180,48,30,36,0.0,3.0,24,36
ieee30,ExtraTrees,SpatialOnly,5,6;1;2;3;4,360,180,8,1,36,1.0,0.0,-1,0
ieee30,ExtraTrees,SpatialOnly,5,6;1;2;3;4,360,180,8,6,36,1.0,0.0,-1,0
ieee30,ExtraTrees,SpatialOnly,5,6;1;2;3;4,360,180,8,10,36,1.0,0.0,-1,0
ieee30,ExtraTrees,SpatialOnly,5,6;1;2;3;4,360,180,8,24,36,0.3888888888888889,1.2222222222222223,10,22
ieee30,ExtraTrees,SpatialOnly,5,6;1;2;3;4,360,180,8,30,36,0.0,3.861111111111111,10,31
ieee30,RandomForest,SpatialOnly,5,6;1;2;3;4,360,180,8,1,36,1.0,0.0,-1,0
ieee30,RandomForest,SpatialOnly,5,6;1;2;3;4,360,180,8,6,36,1.0,0.0,-1,0
ieee30,RandomForest,SpatialOnly,5,6;1;2;3;4,360,180,8,10,36,1.0,0.0,-1,0
ieee30,RandomForest,SpatialOnly,5,6;1;2;3;4,360,180,8,24,36,0.027777777777777776,1.9444444444444444,10,35
ieee30,RandomForest,SpatialOnly,5,6;1;2;3;4,360,180,8,30,36,0.0,3.8333333333333335,10,30
ieee30,ExtraTrees,Baseline,30,1;2;3;4;5;6;7;8;9;10;11;12;13;14;15;16;17;18;19;20;21;22;23;24;25;26;27;28;29;30,360,180,40,1,36,1.0,0.0,-1,0
ieee30,ExtraTrees,Baseline,30,1;2;3;4;5;6;7;8;9;10;11;12;13;14;15;16;17;18;19;20;21;22;23;24;25;26;27;28;29;30,360,180,40,6,36,0.75,0.5,1,9
ieee30,ExtraTrees,Baseline,30,1;2;3;4;5;6;7;8;9;10;11;12;13;14;15;16;17;18;19;20;21;22;23;24;25;26;27;28;29;30,360,180,40,10,36,0.75,0.75,1,9
ieee30,ExtraTrees,Baseline,30,1;2;3;4;5;6;7;8;9;10;11;12;13;14;15;16;17;18;19;20;21;22;23;24;25;26;27;28;29;30,360,180,40,24,36,0.6944444444444444,1.5277777777777777,1,11
ieee30,ExtraTrees,Baseline,30,1;2;3;4;5;6;7;8;9;10;11;12;13;14;15;16;17;18;19;20;21;22;23;24;25;26;27;28;29;30,360,180,40,30,36,0.0,5.0,1,36
ieee30,RandomForest,Baseline,30,1;2;3;4;5;6;7;8;9;10;11;12;13;14;15;16;17;18;19;20;21;22;23;24;25;26;27;28;29;30,360,180,40,1,36,1.0,0.0,-1,0
ieee30,RandomForest,Baseline,30,1;2;3;4;5;6;7;8;9;10;11;12;13;14;15;16;17;18;19;20;21;22;23;24;25;26;27;28;29;30,360,180,40,6,36,0.0,2.0,1,36
ieee30,RandomForest,Baseline,30,1;2;3;4;5;6;7;8;9;10;11;12;13;14;15;16;17;18;19;20;21;22;23;24;25;26;27;28;29;30,360,180,40,10,36,0.0,3.0,1,36
ieee30,RandomForest,Baseline,30,1;2;3;4;5;6;7;8;9;10;11;12;13;14;15;16;17;18;19;20;21;22;23;24;25;26;27;28;29;30,360,180,40,24,36,0.0,5.0,1,36
ieee30,RandomForest,Baseline,30,1;2;3;4;5;6;7;8;9;10;11;12;13;14;15;16;17;18;19;20;21;22;23;24;25;26;27;28;29;30,360,180,40,30,36,0.0,5.0,1,36
ieee30,ExtraTrees,Baseline+NormVI,30,1;2;3;4;5;6;7;8;9;10;11;12;13;14;15;16;17;18;19;20;21;22;23;24;25;26;27;28;29;30,360,180,44,1,36,1.0,0.0,-1,0
ieee30,ExtraTrees,Baseline+NormVI,30,1;2;3;4;5;6;7;8;9;10;11;12;13;14;15;16;17;18;19;20;21;22;23;24;25;26;27;28;29;30,360,180,44,6,36,1.0,0.0,-1,0
ieee30,ExtraTrees,Baseline+NormVI,30,1;2;3;4;5;6;7;8;9;10;11;12;13;14;15;16;17;18;19;20;21;22;23;24;25;26;27;28;29;30,360,180,44,10,36,1.0,0.0,-1,0
ieee30,ExtraTrees,Baseline+NormVI,30,1;2;3;4;5;6;7;8;9;10;11;12;13;14;15;16;17;18;19;20;21;22;23;24;25;26;27;28;29;30,360,180,44,24,36,1.0,0.0,-1,0
ieee30,ExtraTrees,Baseline+NormVI,30,1;2;3;4;5;6;7;8;9;10;11;12;13;14;15;16;17;18;19;20;21;22;23;24;25;26;27;28;29;30,360,180,44,30,36,1.0,0.0,-1,0
ieee30,RandomForest,Baseline+NormVI,30,1;2;3;4;5;6;7;8;9;10;11;12;13;14;15;16;17;18;19;20;21;22;23;24;25;26;27;28;29;30,360,180,44,1,36,1.0,0.0,-1,0
ieee30,RandomForest,Baseline+NormVI,30,1;2;3;4;5;6;7;8;9;10;11;12;13;14;15;16;17;18;19;20;21;22;23;24;25;26;27;28;29;30,360,180,44,6,36,1.0,0.0,-1,0
ieee30,RandomForest,Baseline+NormVI,30,1;2;3;4;5;6;7;8;9;10;11;12;13;14;15;16;17;18;19;20;21;22;23;24;25;26;27;28;29;30,360,180,44,10,36,1.0,0.0,-1,0
ieee30,RandomForest,Baseline+NormVI,30,1;2;3;4;5;6;7;8;9;10;11;12;13;14;15;16;17;18;19;20;21;22;23;24;25;26;27;28;29;30,360,180,44,24,36,1.0,0.0,-1,0
ieee30,RandomForest,Baseline+NormVI,30,1;2;3;4;5;6;7;8;9;10;11;12;13;14;15;16;17;18;19;20;21;22;23;24;25;26;27;28;29;30,360,180,44,30,36,1.0,0.0,-1,0
ieee30,ExtraTrees,Baseline+NormVI+Rank,30,1;2;3;4;5;6;7;8;9;10;11;12;13;14;15;16;17;18;19;20;21;22;23;24;25;26;27;28;29;30,360,180,46,1,36,1.0,0.0,-1,0
ieee30,ExtraTrees,Baseline+NormVI+Rank,30,1;2;3;4;5;6;7;8;9;10;11;12;13;14;15;16;17;18;19;20;21;22;23;24;25;26;27;28;29;30,360,180,46,6,36,1.0,0.0,-1,0
ieee30,ExtraTrees,Baseline+NormVI+Rank,30,1;2;3;4;5;6;7;8;9;10;11;12;13;14;15;16;17;18;19;20;21;22;23;24;25;26;27;28;29;30,360,180,46,10,36,1.0,0.0,-1,0
ieee30,ExtraTrees,Baseline+NormVI+Rank,30,1;2;3;4;5;6;7;8;9;10;11;12;13;14;15;16;17;18;19;20;21;22;23;24;25;26;27;28;29;30,360,180,46,24,36,1.0,0.0,-1,0
ieee30,ExtraTrees,Baseline+NormVI+Rank,30,1;2;3;4;5;6;7;8;9;10;11;12;13;14;15;16;17;18;19;20;21;22;23;24;25;26;27;28;29;30,360,180,46,30,36,1.0,0.0,-1,0
ieee30,RandomForest,Baseline+NormVI+Rank,30,1;2;3;4;5;6;7;8;9;10;11;12;13;14;15;16;17;18;19;20;21;22;23;24;25;26;27;28;29;30,360,180,46,1,36,1.0,0.0,-1,0
ieee30,RandomForest,Baseline+NormVI+Rank,30,1;2;3;4;5;6;7;8;9;10;11;12;13;14;15;16;17;18;19;20;21;22;23;24;25;26;27;28;29;30,360,180,46,6,36,1.0,0.0,-1,0
ieee30,RandomForest,Baseline+NormVI+Rank,30,1;2;3;4;5;6;7;8;9;10;11;12;13;14;15;16;17;18;19;20;21;22;23;24;25;26;27;28;29;30,360,180,46,10,36,1.0,0.0,-1,0
ieee30,RandomForest,Baseline+NormVI+Rank,30,1;2;3;4;5;6;7;8;9;10;11;12;13;14;15;16;17;18;19;20;21;22;23;24;25;26;27;28;29;30,360,180,46,24,36,1.0,0.0,-1,0
ieee30,RandomForest,Baseline+NormVI+Rank,30,1;2;3;4;5;6;7;8;9;10;11;12;13;14;15;16;17;18;19;20;21;22;23;24;25;26;27;28;29;30,360,180,46,30,36,1.0,0.0,-1,0
ieee30,ExtraTrees,Baseline+NormVI+Rank+VI,30,1;2;3;4;5;6;7;8;9;10;11;12;13;14;15;16;17;18;19;20;21;22;23;24;25;26;27;28;29;30,360,180,48,1,36,1.0,0.0,-1,0
ieee30,ExtraTrees,Baseline+NormVI+Rank+VI,30,1;2;3;4;5;6;7;8;9;10;11;12;13;14;15;16;17;18;19;20;21;22;23;24;25;26;27;28;29;30,360,180,48,6,36,1.0,0.0,-1,0
ieee30,ExtraTrees,Baseline+NormVI+Rank+VI,30,1;2;3;4;5;6;7;8;9;10;11;12;13;14;15;16;17;18;19;20;21;22;23;24;25;26;27;28;29;30,360,180,48,10,36,1.0,0.0,-1,0
ieee30,ExtraTrees,Baseline+NormVI+Rank+VI,30,1;2;3;4;5;6;7;8;9;10;11;12;13;14;15;16;17;18;19;20;21;22;23;24;25;26;27;28;29;30,360,180,48,24,36,1.0,0.0,-1,0
ieee30,ExtraTrees,Baseline+NormVI+Rank+VI,30,1;2;3;4;5;6;7;8;9;10;11;12;13;14;15;16;17;18;19;20;21;22;23;24;25;26;27;28;29;30,360,180,48,30,36,1.0,0.0,-1,0
ieee30,RandomForest,Baseline+NormVI+Rank+VI,30,1;2;3;4;5;6;7;8;9;10;11;12;13;14;15;16;17;18;19;20;21;22;23;24;25;26;27;28;29;30,360,180,48,1,36,1.0,0.0,-1,0
ieee30,RandomForest,Baseline+NormVI+Rank+VI,30,1;2;3;4;5;6;7;8;9;10;11;12;13;14;15;16;17;18;19;20;21;22;23;24;25;26;27;28;29;30,360,180,48,6,36,1.0,0.0,-1,0
ieee30,RandomForest,Baseline+NormVI+Rank+VI,30,1;2;3;4;5;6;7;8;9;10;11;12;13;14;15;16;17;18;19;20;21;22;23;24;25;26;27;28;29;30,360,180,48,10,36,1.0,0.0,-1,0
ieee30,RandomForest,Baseline+NormVI+Rank+VI,30,1;2;3;4;5;6;7;8;9;10;11;12;13;14;15;16;17;18;19;20;21;22;23;24;25;26;27;28;29;30,360,180,48,24,36,1.0,0.0,-1,0
ieee30,RandomForest,Baseline+NormVI+Rank+VI,30,1;2;3;4;5;6;7;8;9;10;11;12;13;14;15;16;17;18;19;20;21;22;23;24;25;26;27;28;29;30,360,180,48,30,36,1.0,0.0,-1,0
ieee30,ExtraTrees,SpatialOnly,30,1;2;3;4;5;6;7;8;9;10;11;12;13;14;15;16;17;18;19;20;21;22;23;24;25;26;27;28;29;30,360,180,8,1,36,1.0,0.0,-1,0
ieee30,ExtraTrees,SpatialOnly,30,1;2;3;4;5;6;7;8;9;10;11;12;13;14;15;16;17;18;19;20;21;22;23;24;25;26;27;28;29;30,360,180,8,6,36,1.0,0.0,-1,0
ieee30,ExtraTrees,SpatialOnly,30,1;2;3;4;5;6;7;8;9;10;11;12;13;14;15;16;17;18;19;20;21;22;23;24;25;26;27;28;29;30,360,180,8,10,36,1.0,0.0,-1,0
ieee30,ExtraTrees,SpatialOnly,30,1;2;3;4;5;6;7;8;9;10;11;12;13;14;15;16;17;18;19;20;21;22;23;24;25;26;27;28;29;30,360,180,8,24,36,1.0,0.0,-1,0
ieee30,ExtraTrees,SpatialOnly,30,1;2;3;4;5;6;7;8;9;10;11;12;13;14;15;16;17;18;19;20;21;22;23;24;25;26;27;28;29;30,360,180,8,30,36,1.0,0.0,-1,0
ieee30,RandomForest,SpatialOnly,30,1;2;3;4;5;6;7;8;9;10;11;12;13;14;15;16;17;18;19;20;21;22;23;24;25;26;27;28;29;30,360,180,8,1,36,1.0,0.0,-1,0
ieee30,RandomForest,SpatialOnly,30,1;2;3;4;5;6;7;8;9;10;11;12;13;14;15;16;17;18;19;20;21;22;23;24;25;26;27;28;29;30,360,180,8,6,36,1.0,0.0,-1,0
ieee30,RandomForest,SpatialOnly,30,1;2;3;4;5;6;7;8;9;10;11;12;13;14;15;16;17;18;19;20;21;22;23;24;25;26;27;28;29;30,360,180,8,10,36,1.0,0.0,-1,0
ieee30,RandomForest,SpatialOnly,30,1;2;3;4;5;6;7;8;9;10;11;12;13;14;15;16;17;18;19;20;21;22;23;24;25;26;27;28;29;30,360,180,8,24,36,1.0,0.0,-1,0
ieee30,RandomForest,SpatialOnly,30,1;2;3;4;5;6;7;8;9;10;11;12;13;14;15;16;17;18;19;20;21;22;23;24;25;26;27;28;29;30,360,180,8,30,36,1.0,0.0,-1,0
