Network,Model,FeatureSet,WMUCount,SelectedWMUBuses,TrainCases,TestCases,FeatureColumnsPerWMU,ExactBusAccuracy,OneHopAccuracy,GraphDistanceMAE
ieee14,ExtraTrees,Baseline,3,2;6;9,360,180,40,0.2,0.2,2.0
ieee14,RandomForest,Baseline,3,2;6;9,360,180,40,0.25,0.25,1.8722222222222222
ieee14,ExtraTrees,Baseline+NormVI,3,2;6;9,360,180,44,1.0,1.0,0.0
ieee14,RandomForest,Baseline+NormVI,3,2;6;9,360,180,44,0.9277777777777778,0.9277777777777778,0.21666666666666667
ieee14,ExtraTrees,Baseline+NormVI+Rank,3,2;6;9,360,180,46,0.9666666666666667,1.0,0.03333333333333333
ieee14,RandomForest,Baseline+NormVI+Rank,3,2;6;9,360,180,46,0.8555555555555555,0.8555555555555555,0.43333333333333335
ieee14,ExtraTrees,Baseline+NormVI+Rank+VI,3,2;6;9,360,180,48,0.9888888888888889,0.9944444444444445,0.022222222222222223
ieee14,RandomForest,Baseline+NormVI+Rank+VI,3,2;6;9,360,180,48,0.9277777777777778,0.9277777777777778,0.21666666666666667
ieee14,ExtraTrees,SpatialOnly,3,2;6;9,360,180,8,0.8222222222222222,1.0,0.17777777777777778
ieee14,RandomForest,SpatialOnly,3,2;6;9,360,180,8,0.9722222222222222,0.9722222222222222,0.08333333333333333
ieee14,ExtraTrees,Baseline,5,2;6;9;11;4,360,180,40,0.2,0.2,2.0
ieee14,RandomForest,Baseline,5,2;6;9;11;4,360,180,40,0.20555555555555555,0.20555555555555555,1.988888888888889
ieee14,ExtraTrees,Baseline+NormVI,5,2;6;9;11;4,360,180,44,1.0,1.0,0.0
ieee14,RandomForest,Baseline+NormVI,5,2;6;9;11;4,360,180,44,0.8,0.8,0.4
ieee14,ExtraTrees,Baseline+NormVI+Rank,5,2;6;9;11;4,360,180,46,0.8166666666666667,0.8166666666666667,0.36666666666666664
ieee14,RandomForest,Baseline+NormVI+Rank,5,2;6;9;11;4,360,180,46,0.8166666666666667,0.8166666666666667,0.36666666666666664
ieee14,ExtraTrees,Baseline+NormVI+Rank+VI,5,2;6;9;11;4,360,180,48,0.85,0.85,0.3
ieee14,RandomForest,Baseline+NormVI+Rank+VI,5,2;6;9;11;4,360,180,48,0.8166666666666667,0.8166666666666667,0.36666666666666664
ieee14,ExtraTrees,SpatialOnly,5,2;6;9;11;4,360,180,8,0.8166666666666667,0.8166666666666667,0.36666666666666664
ieee14,RandomForest,SpatialOnly,5,2;6;9;11;4,360,180,8,0.8166666666666667,0.8166666666666667,0.36666666666666664
ieee14,ExtraTrees,Baseline,14,1;2;3;4;5;6;7;8;9;10;11;12;13;14,360,180,40,0.2,0.2,2.0
ieee14,RandomForest,Baseline,14,1;2;3;4;5;6;7;8;9;10;11;12;13;14,360,180,40,0.2,0.25,1.9555555555555555
ieee14,ExtraTrees,Baseline+NormVI,14,1;2;3;4;5;6;7;8;9;10;11;12;13;14,360,180,44,0.4166666666666667,0.5944444444444444,1.1888888888888889
ieee14,RandomForest,Baseline+NormVI,14,1;2;3;4;5;6;7;8;9;10;11;12;13;14,360,180,44,0.2,0.25,1.9666666666666666
ieee14,ExtraTrees,Baseline+NormVI+Rank,14,1;2;3;4;5;6;7;8;9;10;11;12;13;14,360,180,46,0.9833333333333333,1.0,0.016666666666666666
ieee14,RandomForest,Baseline+NormVI+Rank,14,1;2;3;4;5;6;7;8;9;10;11;12;13;14,360,180,46,0.9611111111111111,0.9611111111111111,0.11666666666666667
ieee14,ExtraTrees,Baseline+NormVI+Rank+VI,14,1;2;3;4;5;6;7;8;9;10;11;12;13;14,360,180,48,1.0,1.0,0.0
ieee14,RandomForest,Baseline+NormVI+Rank+VI,14,1;2;3;4;5;6;7;8;9;10;11;12;13;14,360,180,48,1.0,1.0,0.0
ieee14,ExtraTrees,SpatialOnly,14,1;2;3;4;5;6;7;8;9;10;11;12;13;14,360,180,8,0.9944444444444445,0.9944444444444445,0.011111111111111112
ieee14,RandomForest,SpatialOnly,14,1;2;3;4;5;6;7;8;9;10;11;12;13;14,360,180,8,0.9888888888888889,0.9888888888888889,0.022222222222222223
ieee30,ExtraTrees,Baseline,3,6;1;2,360,180,40,0.65,0.65,1.2
ieee30,RandomForest,Baseline,3,6;1;2,360,180,40,0.65,0.65,1.2
ieee30,ExtraTrees,Baseline+NormVI,3,6;1;2,360,180,44,0.9,0.9,0.35
ieee30,RandomForest,Baseline+NormVI,3,6;1;2,360,180,44,0.8944444444444445,0.8944444444444445,0.37777777777777777
ieee30,ExtraTrees,Baseline+NormVI+Rank,3,6;1;2,360,180,46,0.9,0.9,0.35
ieee30,RandomForest,Baseline+NormVI+Rank,3,6;1;2,360,180,46,0.9,0.9,0.35
ieee30,ExtraTrees,Baseline+NormVI+Rank+VI,3,6;1;2,360,180,48,0.9,0.9,0.35
ieee30,RandomForest,Baseline+NormVI+Rank+VI,3,6;1;2,360,180,48,0.9,0.9,0.35
ieee30,ExtraTrees,SpatialOnly,3,6;1;2,360,180,8,0.5388888888888889,0.5388888888888889,1.4666666666666666
ieee30,RandomForest,SpatialOnly,3,6;1;2,360,180,8,0.6444444444444445,0.6444444444444445,1.1111111111111112
ieee30,ExtraTrees,Baseline,5,6;1;2;3;4,360,180,40,0.65,0.65,1.2
ieee30,RandomForest,Baseline,5,6;1;2;3;4,360,180,40,0.65,0.65,1.2
ieee30,ExtraTrees,Baseline+NormVI,5,6;1;2;3;4,360,180,44,0.9388888888888889,0.9388888888888889,0.2111111111111111
ieee30,RandomForest,Baseline+NormVI,5,6;1;2;3;4,360,180,44,0.9388888888888889,0.9388888888888889,0.18888888888888888
ieee30,ExtraTrees,Baseline+NormVI+Rank,5,6;1;2;3;4,360,180,46,0.9166666666666666,0.9166666666666666,0.3
ieee30,RandomForest,Baseline+NormVI+Rank,5,6;1;2;3;4,360,180,46,0.9111111111111111,0.9111111111111111,0.31666666666666665
ieee30,ExtraTrees,Baseline+NormVI+Rank+VI,5,6;1;2;3;4,360,180,48,0.8111111111111111,0.8111111111111111,0.5277777777777778
ieee30,RandomForest,Baseline+NormVI+Rank+VI,5,6;1;2;3;4,360,180,48,0.75,0.75,0.7
ieee30,ExtraTrees,SpatialOnly,5,6;1;2;3;4,360,180,8,0.6777777777777778,0.6777777777777778,1.0166666666666666
ieee30,RandomForest,SpatialOnly,5,6;1;2;3;4,360,180,8,0.6055555555555555,0.6055555555555555,1.1555555555555554
ieee30,ExtraTrees,Baseline,30,1;2;3;4;5;6;7;8;9;10;11;12;13;14;15;16;17;18;19;20;21;22;23;24;25;26;27;28;29;30,360,180,40,0.6388888888888888,0.6388888888888888,1.5555555555555556
ieee30,RandomForest,Baseline,30,1;2;3;4;5;6;7;8;9;10;11;12;13;14;15;16;17;18;19;20;21;22;23;24;25;26;27;28;29;30,360,180,40,0.2,0.2,3.0
ieee30,ExtraTrees,Baseline+NormVI,30,1;2;3;4;5;6;7;8;9;10;11;12;13;14;15;16;17;18;19;20;21;22;23;24;25;26;27;28;29;30,360,180,44,1.0,1.0,0.0
ieee30,RandomForest,Baseline+NormVI,30,1;2;3;4;5;6;7;8;9;10;11;12;13;14;15;16;17;18;19;20;21;22;23;24;25;26;27;28;29;30,360,180,44,1.0,1.0,0.0
ieee30,ExtraTrees,Baseline+NormVI+Rank,30,1;2;3;4;5;6;7;8;9;10;11;12;13;14;15;16;17;18;19;20;21;22;23;24;25;26;27;28;29;30,360,180,46,1.0,1.0,0.0
ieee30,RandomForest,Baseline+NormVI+Rank,30,1;2;3;4;5;6;7;8;9;10;11;12;13;14;15;16;17;18;19;20;21;22;23;24;25;26;27;28;29;30,360,180,46,1.0,1.0,0.0
ieee30,ExtraTrees,Baseline+NormVI+Rank+VI,30,1;2;3;4;5;6;7;8;9;10;11;12;13;14;15;16;17;18;19;20;21;22;23;24;25;26;27;28;29;30,360,180,48,1.0,1.0,0.0
ieee30,RandomForest,Baseline+NormVI+Rank+VI,30,1;2;3;4;5;6;7;8;9;10;11;12;13;14;15;16;17;18;19;20;21;22;23;24;25;26;27;28;29;30,360,180,48,1.0,1.0,0.0
ieee30,ExtraTrees,SpatialOnly,30,1;2;3;4;5;6;7;8;9;10;11;12;13;14;15;16;17;18;19;20;21;22;23;24;25;26;27;28;29;30,360,180,8,1.0,1.0,0.0
ieee30,RandomForest,SpatialOnly,30,1;2;3;4;5;6;7;8;9;10;11;12;13;14;15;16;17;18;19;20;21;22;23;24;25;26;27;28;29;30,360,180,8,1.0,1.0,0.0
