Network,Model,FeatureSet,WMUCount,SelectedWMUBuses,CaseCount,FaultCaseCount,FeatureColumnsPerWMU,FaultDetectionAccuracy,FaultDetectionPrecision,FaultDetectionRecall,FaultDetectionF1,FalsePositiveRate,FalseNegativeRate,TN,FP,FN,TP,ExactBusAccuracy,OneHopAccuracy,Top3Accuracy,GraphDistanceMAE,EventMacroF1,EventBalancedAccuracy
ieee14,ExtraTrees,Baseline,3,2;6;9,553,392,40,1.0,1.0,1.0,1.0,0.0,0.0,161,0,0,392,1.0,1.0,1.0,0.0,0.9814439946018894,0.9814471243042673
ieee14,RandomForest,Baseline,3,2;6;9,553,392,40,1.0,1.0,1.0,1.0,0.0,0.0,161,0,0,392,1.0,1.0,1.0,0.0,0.9777327935222672,0.9777365491651206
ieee14,ExtraTrees,Baseline+NormVI,3,2;6;9,553,392,44,1.0,1.0,1.0,1.0,0.0,0.0,161,0,0,392,1.0,1.0,1.0,0.0,0.9795909761754164,0.979591836734694
ieee14,RandomForest,Baseline+NormVI,3,2;6;9,553,392,44,1.0,1.0,1.0,1.0,0.0,0.0,161,0,0,392,0.9974489795918368,0.9974489795918368,1.0,0.00510204081632653,0.9795909761754164,0.979591836734694
ieee14,ExtraTrees,Baseline+NormVI+Rank,3,2;6;9,553,392,46,1.0,1.0,1.0,1.0,0.0,0.0,161,0,0,392,1.0,1.0,1.0,0.0,0.9795909761754164,0.979591836734694
ieee14,RandomForest,Baseline+NormVI+Rank,3,2;6;9,553,392,46,1.0,1.0,1.0,1.0,0.0,0.0,161,0,0,392,0.9974489795918368,0.9974489795918368,1.0,0.00510204081632653,0.9795840890876113,0.979591836734694
ieee14,ExtraTrees,SpatialOnly,3,2;6;9,553,392,6,0.9981916817359855,0.9974554707379135,1.0,0.9987261146496815,0.006211180124223602,0.0,160,1,0,392,1.0,1.0,1.0,0.0,0.6872506232811151,0.6786376888417704
ieee14,RandomForest,SpatialOnly,3,2;6;9,553,392,6,1.0,1.0,1.0,1.0,0.0,0.0,161,0,0,392,0.9974489795918368,1.0,0.9974489795918368,0.002551020408163265,0.7040024716609132,0.7046117148157964
ieee14,ExtraTrees,Baseline,5,2;6;9;11;4,553,392,40,1.0,1.0,1.0,1.0,0.0,0.0,161,0,0,392,1.0,1.0,1.0,0.0,0.9851551956815116,0.9851576994434137
ieee14,RandomForest,Baseline,5,2;6;9;11;4,553,392,40,1.0,1.0,1.0,1.0,0.0,0.0,161,0,0,392,1.0,1.0,1.0,0.0,0.9795840890876113,0.979591836734694
ieee14,ExtraTrees,Baseline+NormVI,5,2;6;9;11;4,553,392,44,1.0,1.0,1.0,1.0,0.0,0.0,161,0,0,392,1.0,1.0,1.0,0.0,0.9814439946018894,0.9814471243042673
ieee14,RandomForest,Baseline+NormVI,5,2;6;9;11;4,553,392,44,1.0,1.0,1.0,1.0,0.0,0.0,161,0,0,392,1.0,1.0,1.0,0.0,0.9777327935222672,0.9777365491651206
ieee14,ExtraTrees,Baseline+NormVI+Rank,5,2;6;9;11;4,553,392,46,1.0,1.0,1.0,1.0,0.0,0.0,161,0,0,392,1.0,1.0,1.0,0.0,0.9814439946018894,0.9814471243042673
ieee14,RandomForest,Baseline+NormVI+Rank,5,2;6;9;11;4,553,392,46,1.0,1.0,1.0,1.0,0.0,0.0,161,0,0,392,1.0,1.0,1.0,0.0,0.9777327935222672,0.9777365491651206
ieee14,ExtraTrees,SpatialOnly,5,2;6;9;11;4,553,392,6,0.9981916817359855,0.9974554707379135,1.0,0.9987261146496815,0.006211180124223602,0.0,160,1,0,392,1.0,1.0,1.0,0.0,0.6904716651123398,0.6819507023588657
ieee14,RandomForest,SpatialOnly,5,2;6;9;11;4,553,392,6,0.9963833634719711,1.0,0.9948979591836735,0.9974424552429667,0.0,0.00510204081632653,161,0,2,390,1.0,1.0,1.0,0.0,0.688072952124964,0.6872515239862179
ieee14,ExtraTrees,Baseline,14,1;2;3;4;5;6;7;8;9;10;11;12;13;14,553,392,40,1.0,1.0,1.0,1.0,0.0,0.0,161,0,0,392,1.0,1.0,1.0,0.0,0.9888663967611336,0.9888682745825603
ieee14,RandomForest,Baseline,14,1;2;3;4;5;6;7;8;9;10;11;12;13;14,553,392,40,1.0,1.0,1.0,1.0,0.0,0.0,161,0,0,392,1.0,1.0,1.0,0.0,0.9795840890876113,0.979591836734694
ieee14,ExtraTrees,Baseline+NormVI,14,1;2;3;4;5;6;7;8;9;10;11;12;13;14,553,392,44,1.0,1.0,1.0,1.0,0.0,0.0,161,0,0,392,1.0,1.0,1.0,0.0,0.9869992824279262,0.987012987012987
ieee14,RandomForest,Baseline+NormVI,14,1;2;3;4;5;6;7;8;9;10;11;12;13;14,553,392,44,1.0,1.0,1.0,1.0,0.0,0.0,161,0,0,392,0.9974489795918368,1.0,1.0,0.002551020408163265,0.9795840890876113,0.979591836734694
ieee14,ExtraTrees,Baseline+NormVI+Rank,14,1;2;3;4;5;6;7;8;9;10;11;12;13;14,553,392,46,1.0,1.0,1.0,1.0,0.0,0.0,161,0,0,392,1.0,1.0,1.0,0.0,0.9869992824279262,0.987012987012987
ieee14,RandomForest,Baseline+NormVI+Rank,14,1;2;3;4;5;6;7;8;9;10;11;12;13;14,553,392,46,1.0,1.0,1.0,1.0,0.0,0.0,161,0,0,392,1.0,1.0,1.0,0.0,0.9795840890876113,0.979591836734694
ieee14,ExtraTrees,SpatialOnly,14,1;2;3;4;5;6;7;8;9;10;11;12;13;14,553,392,6,0.9981916817359855,0.9974554707379135,1.0,0.9987261146496815,0.006211180124223602,0.0,160,1,0,392,0.9974489795918368,1.0,1.0,0.002551020408163265,0.6311298662209508,0.6232441028359396
ieee14,RandomForest,SpatialOnly,14,1;2;3;4;5;6;7;8;9;10;11;12;13;14,553,392,6,0.9963833634719711,1.0,0.9948979591836735,0.9974424552429667,0.0,0.00510204081632653,161,0,2,390,0.9974489795918368,1.0,1.0,0.002551020408163265,0.6613706411705762,0.6610124569308242
ieee30,ExtraTrees,Baseline,3,6;1;2,1127,840,40,1.0,1.0,1.0,1.0,0.0,0.0,287,0,0,840,1.0,1.0,1.0,0.0,1.0,1.0
ieee30,RandomForest,Baseline,3,6;1;2,1127,840,40,1.0,1.0,1.0,1.0,0.0,0.0,287,0,0,840,1.0,1.0,1.0,0.0,1.0,1.0
ieee30,ExtraTrees,Baseline+NormVI,3,6;1;2,1127,840,44,1.0,1.0,1.0,1.0,0.0,0.0,287,0,0,840,1.0,1.0,1.0,0.0,1.0,1.0
ieee30,RandomForest,Baseline+NormVI,3,6;1;2,1127,840,44,1.0,1.0,1.0,1.0,0.0,0.0,287,0,0,840,1.0,1.0,1.0,0.0,1.0,1.0
ieee30,ExtraTrees,Baseline+NormVI+Rank,3,6;1;2,1127,840,46,1.0,1.0,1.0,1.0,0.0,0.0,287,0,0,840,1.0,1.0,1.0,0.0,1.0,1.0
ieee30,RandomForest,Baseline+NormVI+Rank,3,6;1;2,1127,840,46,1.0,1.0,1.0,1.0,0.0,0.0,287,0,0,840,1.0,1.0,1.0,0.0,1.0,1.0
ieee30,ExtraTrees,SpatialOnly,3,6;1;2,1127,840,6,0.974267968056788,0.9742690058479532,0.9916666666666667,0.9828908554572271,0.07665505226480836,0.008333333333333333,265,22,7,833,0.9785714285714285,0.9880952380952381,1.0,0.04880952380952381,0.8745867574263128,0.8646258503401362
ieee30,RandomForest,SpatialOnly,3,6;1;2,1127,840,6,0.9795918367346939,0.9777777777777777,0.9952380952380953,0.9864306784660767,0.06620209059233449,0.004761904761904762,268,19,4,836,0.969047619047619,0.9857142857142858,0.9976190476190476,0.05714285714285714,0.8430171464165842,0.8261904761904761
ieee30,ExtraTrees,Baseline,5,6;1;2;3;4,1127,840,40,1.0,1.0,1.0,1.0,0.0,0.0,287,0,0,840,1.0,1.0,1.0,0.0,1.0,1.0
ieee30,RandomForest,Baseline,5,6;1;2;3;4,1127,840,40,1.0,1.0,1.0,1.0,0.0,0.0,287,0,0,840,1.0,1.0,1.0,0.0,1.0,1.0
ieee30,ExtraTrees,Baseline+NormVI,5,6;1;2;3;4,1127,840,44,1.0,1.0,1.0,1.0,0.0,0.0,287,0,0,840,1.0,1.0,1.0,0.0,1.0,1.0
ieee30,RandomForest,Baseline+NormVI,5,6;1;2;3;4,1127,840,44,1.0,1.0,1.0,1.0,0.0,0.0,287,0,0,840,1.0,1.0,1.0,0.0,1.0,1.0
ieee30,ExtraTrees,Baseline+NormVI+Rank,5,6;1;2;3;4,1127,840,46,1.0,1.0,1.0,1.0,0.0,0.0,287,0,0,840,1.0,1.0,1.0,0.0,1.0,1.0
ieee30,RandomForest,Baseline+NormVI+Rank,5,6;1;2;3;4,1127,840,46,1.0,1.0,1.0,1.0,0.0,0.0,287,0,0,840,1.0,1.0,1.0,0.0,1.0,1.0
ieee30,ExtraTrees,SpatialOnly,5,6;1;2;3;4,1127,840,6,0.9946761313220941,0.9964285714285714,0.9964285714285714,0.9964285714285714,0.010452961672473868,0.0035714285714285713,284,3,3,837,0.9880952380952381,0.9988095238095238,1.0,0.013095238095238096,0.8503848209487599,0.8302721088435376
ieee30,RandomForest,SpatialOnly,5,6;1;2;3;4,1127,840,6,0.9946761313220941,0.9976133651551312,0.9952380952380953,0.9964243146603099,0.006968641114982578,0.004761904761904762,285,2,4,836,0.9880952380952381,0.9988095238095238,1.0,0.013095238095238096,0.8648192462958896,0.8452380952380955
ieee30,ExtraTrees,Baseline,30,1;2;3;4;5;6;7;8;9;10;11;12;13;14;15;16;17;18;19;20;21;22;23;24;25;26;27;28;29;30,1127,840,40,1.0,1.0,1.0,1.0,0.0,0.0,287,0,0,840,1.0,1.0,1.0,0.0,1.0,1.0
ieee30,RandomForest,Baseline,30,1;2;3;4;5;6;7;8;9;10;11;12;13;14;15;16;17;18;19;20;21;22;23;24;25;26;27;28;29;30,1127,840,40,1.0,1.0,1.0,1.0,0.0,0.0,287,0,0,840,1.0,1.0,1.0,0.0,1.0,1.0
ieee30,ExtraTrees,Baseline+NormVI,30,1;2;3;4;5;6;7;8;9;10;11;12;13;14;15;16;17;18;19;20;21;22;23;24;25;26;27;28;29;30,1127,840,44,1.0,1.0,1.0,1.0,0.0,0.0,287,0,0,840,1.0,1.0,1.0,0.0,1.0,1.0
ieee30,RandomForest,Baseline+NormVI,30,1;2;3;4;5;6;7;8;9;10;11;12;13;14;15;16;17;18;19;20;21;22;23;24;25;26;27;28;29;30,1127,840,44,1.0,1.0,1.0,1.0,0.0,0.0,287,0,0,840,1.0,1.0,1.0,0.0,1.0,1.0
ieee30,ExtraTrees,Baseline+NormVI+Rank,30,1;2;3;4;5;6;7;8;9;10;11;12;13;14;15;16;17;18;19;20;21;22;23;24;25;26;27;28;29;30,1127,840,46,1.0,1.0,1.0,1.0,0.0,0.0,287,0,0,840,1.0,1.0,1.0,0.0,1.0,1.0
ieee30,RandomForest,Baseline+NormVI+Rank,30,1;2;3;4;5;6;7;8;9;10;11;12;13;14;15;16;17;18;19;20;21;22;23;24;25;26;27;28;29;30,1127,840,46,1.0,1.0,1.0,1.0,0.0,0.0,287,0,0,840,1.0,1.0,1.0,0.0,1.0,1.0
ieee30,ExtraTrees,SpatialOnly,30,1;2;3;4;5;6;7;8;9;10;11;12;13;14;15;16;17;18;19;20;21;22;23;24;25;26;27;28;29;30,1127,840,6,0.9955634427684117,0.998805256869773,0.9952380952380953,0.9970184853905785,0.003484320557491289,0.004761904761904762,286,1,4,836,1.0,1.0,1.0,0.0,0.8434204569782453,0.823469387755102
ieee30,RandomForest,SpatialOnly,30,1;2;3;4;5;6;7;8;9;10;11;12;13;14;15;16;17;18;19;20;21;22;23;24;25;26;27;28;29;30,1127,840,6,0.9955634427684117,0.9976162097735399,0.9964285714285714,0.9970220369267421,0.006968641114982578,0.0035714285714285713,285,2,3,837,1.0,1.0,1.0,0.0,0.8205926422014269,0.8085034013605442
