Network,Model,FeatureSet,WMUCount,SelectedWMUBuses,FaultDetectionAccuracy,FaultDetectionPrecision,FaultDetectionRecall,FaultDetectionF1,FalsePositiveRate,FalseNegativeRate
ieee14,ExtraTrees,Baseline,3,2;6;9,1.0,1.0,1.0,1.0,0.0,0.0
ieee14,RandomForest,Baseline,3,2;6;9,1.0,1.0,1.0,1.0,0.0,0.0
ieee14,ExtraTrees,Baseline+NormVI,3,2;6;9,1.0,1.0,1.0,1.0,0.0,0.0
ieee14,RandomForest,Baseline+NormVI,3,2;6;9,1.0,1.0,1.0,1.0,0.0,0.0
ieee14,ExtraTrees,Baseline+NormVI+Rank,3,2;6;9,1.0,1.0,1.0,1.0,0.0,0.0
ieee14,RandomForest,Baseline+NormVI+Rank,3,2;6;9,1.0,1.0,1.0,1.0,0.0,0.0
ieee14,ExtraTrees,SpatialOnly,3,2;6;9,0.9981916817359855,0.9974554707379135,1.0,0.9987261146496815,0.006211180124223602,0.0
ieee14,RandomForest,SpatialOnly,3,2;6;9,1.0,1.0,1.0,1.0,0.0,0.0
ieee14,ExtraTrees,Baseline,5,2;6;9;11;4,1.0,1.0,1.0,1.0,0.0,0.0
ieee14,RandomForest,Baseline,5,2;6;9;11;4,1.0,1.0,1.0,1.0,0.0,0.0
ieee14,ExtraTrees,Baseline+NormVI,5,2;6;9;11;4,1.0,1.0,1.0,1.0,0.0,0.0
ieee14,RandomForest,Baseline+NormVI,5,2;6;9;11;4,1.0,1.0,1.0,1.0,0.0,0.0
ieee14,ExtraTrees,Baseline+NormVI+Rank,5,2;6;9;11;4,1.0,1.0,1.0,1.0,0.0,0.0
ieee14,RandomForest,Baseline+NormVI+Rank,5,2;6;9;11;4,1.0,1.0,1.0,1.0,0.0,0.0
ieee14,ExtraTrees,SpatialOnly,5,2;6;9;11;4,0.9981916817359855,0.9974554707379135,1.0,0.9987261146496815,0.006211180124223602,0.0
ieee14,RandomForest,SpatialOnly,5,2;6;9;11;4,0.9963833634719711,1.0,0.9948979591836735,0.9974424552429667,0.0,0.00510204081632653
ieee14,ExtraTrees,Baseline,14,1;2;3;4;5;6;7;8;9;10;11;12;13;14,1.0,1.0,1.0,1.0,0.0,0.0
ieee14,RandomForest,Baseline,14,1;2;3;4;5;6;7;8;9;10;11;12;13;14,1.0,1.0,1.0,1.0,0.0,0.0
ieee14,ExtraTrees,Baseline+NormVI,14,1;2;3;4;5;6;7;8;9;10;11;12;13;14,1.0,1.0,1.0,1.0,0.0,0.0
ieee14,RandomForest,Baseline+NormVI,14,1;2;3;4;5;6;7;8;9;10;11;12;13;14,1.0,1.0,1.0,1.0,0.0,0.0
ieee14,ExtraTrees,Baseline+NormVI+Rank,14,1;2;3;4;5;6;7;8;9;10;11;12;13;14,1.0,1.0,1.0,1.0,0.0,0.0
ieee14,RandomForest,Baseline+NormVI+Rank,14,1;2;3;4;5;6;7;8;9;10;11;12;13;14,1.0,1.0,1.0,1.0,0.0,0.0
ieee14,ExtraTrees,SpatialOnly,14,1;2;3;4;5;6;7;8;9;10;11;12;13;14,0.9981916817359855,0.9974554707379135,1.0,0.9987261146496815,0.006211180124223602,0.0
ieee14,RandomForest,SpatialOnly,14,1;2;3;4;5;6;7;8;9;10;11;12;13;14,0.9963833634719711,1.0,0.9948979591836735,0.9974424552429667,0.0,0.00510204081632653
ieee30,ExtraTrees,Baseline,3,6;1;2,1.0,1.0,1.0,1.0,0.0,0.0
ieee30,RandomForest,Baseline,3,6;1;2,1.0,1.0,1.0,1.0,0.0,0.0
ieee30,ExtraTrees,Baseline+NormVI,3,6;1;2,1.0,1.0,1.0,1.0,0.0,0.0
ieee30,RandomForest,Baseline+NormVI,3,6;1;2,1.0,1.0,1.0,1.0,0.0,0.0
ieee30,ExtraTrees,Baseline+NormVI+Rank,3,6;1;2,1.0,1.0,1.0,1.0,0.0,0.0
ieee30,RandomForest,Baseline+NormVI+Rank,3,6;1;2,1.0,1.0,1.0,1.0,0.0,0.0
ieee30,ExtraTrees,SpatialOnly,3,6;1;2,0.974267968056788,0.9742690058479532,0.9916666666666667,0.9828908554572271,0.07665505226480836,0.008333333333333333
ieee30,RandomForest,SpatialOnly,3,6;1;2,0.9795918367346939,0.9777777777777777,0.9952380952380953,0.9864306784660767,0.06620209059233449,0.004761904761904762
ieee30,ExtraTrees,Baseline,5,6;1;2;3;4,1.0,1.0,1.0,1.0,0.0,0.0
ieee30,RandomForest,Baseline,5,6;1;2;3;4,1.0,1.0,1.0,1.0,0.0,0.0
ieee30,ExtraTrees,Baseline+NormVI,5,6;1;2;3;4,1.0,1.0,1.0,1.0,0.0,0.0
ieee30,RandomForest,Baseline+NormVI,5,6;1;2;3;4,1.0,1.0,1.0,1.0,0.0,0.0
ieee30,ExtraTrees,Baseline+NormVI+Rank,5,6;1;2;3;4,1.0,1.0,1.0,1.0,0.0,0.0
ieee30,RandomForest,Baseline+NormVI+Rank,5,6;1;2;3;4,1.0,1.0,1.0,1.0,0.0,0.0
ieee30,ExtraTrees,SpatialOnly,5,6;1;2;3;4,0.9946761313220941,0.9964285714285714,0.9964285714285714,0.9964285714285714,0.010452961672473868,0.0035714285714285713
ieee30,RandomForest,SpatialOnly,5,6;1;2;3;4,0.9946761313220941,0.9976133651551312,0.9952380952380953,0.9964243146603099,0.006968641114982578,0.004761904761904762
ieee30,ExtraTrees,Baseline,30,1;2;3;4;5;6;7;8;9;10;11;12;13;14;15;16;17;18;19;20;21;22;23;24;25;26;27;28;29;30,1.0,1.0,1.0,1.0,0.0,0.0
ieee30,RandomForest,Baseline,30,1;2;3;4;5;6;7;8;9;10;11;12;13;14;15;16;17;18;19;20;21;22;23;24;25;26;27;28;29;30,1.0,1.0,1.0,1.0,0.0,0.0
ieee30,ExtraTrees,Baseline+NormVI,30,1;2;3;4;5;6;7;8;9;10;11;12;13;14;15;16;17;18;19;20;21;22;23;24;25;26;27;28;29;30,1.0,1.0,1.0,1.0,0.0,0.0
ieee30,RandomForest,Baseline+NormVI,30,1;2;3;4;5;6;7;8;9;10;11;12;13;14;15;16;17;18;19;20;21;22;23;24;25;26;27;28;29;30,1.0,1.0,1.0,1.0,0.0,0.0
ieee30,ExtraTrees,Baseline+NormVI+Rank,30,1;2;3;4;5;6;7;8;9;10;11;12;13;14;15;16;17;18;19;20;21;22;23;24;25;26;27;28;29;30,1.0,1.0,1.0,1.0,0.0,0.0
ieee30,RandomForest,Baseline+NormVI+Rank,30,1;2;3;4;5;6;7;8;9;10;11;12;13;14;15;16;17;18;19;20;21;22;23;24;25;26;27;28;29;30,1.0,1.0,1.0,1.0,0.0,0.0
ieee30,ExtraTrees,SpatialOnly,30,1;2;3;4;5;6;7;8;9;10;11;12;13;14;15;16;17;18;19;20;21;22;23;24;25;26;27;28;29;30,0.9955634427684117,0.998805256869773,0.9952380952380953,0.9970184853905785,0.003484320557491289,0.004761904761904762
ieee30,RandomForest,SpatialOnly,30,1;2;3;4;5;6;7;8;9;10;11;12;13;14;15;16;17;18;19;20;21;22;23;24;25;26;27;28;29;30,0.9955634427684117,0.9976162097735399,0.9964285714285714,0.9970220369267421,0.006968641114982578,0.0035714285714285713
