Network,Model,FeatureSet,WMUCount,CaseID,TrueFaultBus,PredFaultBus,Exact,GraphDistance
ieee30,ExtraTrees,Baseline+NormVI,30,42,1,1,True,0
ieee30,ExtraTrees,Baseline+NormVI,30,43,2,2,True,0
ieee30,ExtraTrees,Baseline+NormVI,30,44,3,3,True,0
ieee30,ExtraTrees,Baseline+NormVI,30,45,4,4,True,0
ieee30,ExtraTrees,Baseline+NormVI,30,46,5,5,True,0
ieee30,ExtraTrees,Baseline+NormVI,30,47,6,6,True,0
ieee30,ExtraTrees,Baseline+NormVI,30,48,7,7,True,0
ieee30,ExtraTrees,Baseline+NormVI,30,49,8,8,True,0
ieee30,ExtraTrees,Baseline+NormVI,30,50,9,9,True,0
ieee30,ExtraTrees,Baseline+NormVI,30,51,10,10,True,0
ieee30,ExtraTrees,Baseline+NormVI,30,52,11,11,True,0
ieee30,ExtraTrees,Baseline+NormVI,30,53,12,12,True,0
ieee30,ExtraTrees,Baseline+NormVI,30,54,13,13,True,0
ieee30,ExtraTrees,Baseline+NormVI,30,55,14,14,True,0
ieee30,ExtraTrees,Baseline+NormVI,30,56,15,15,True,0
ieee30,ExtraTrees,Baseline+NormVI,30,57,16,16,True,0
ieee30,ExtraTrees,Baseline+NormVI,30,58,17,17,True,0
ieee30,ExtraTrees,Baseline+NormVI,30,59,18,18,True,0
ieee30,ExtraTrees,Baseline+NormVI,30,60,19,19,True,0
ieee30,ExtraTrees,Baseline+NormVI,30,61,20,20,True,0
ieee30,ExtraTrees,Baseline+NormVI,30,62,21,21,True,0
ieee30,ExtraTrees,Baseline+NormVI,30,63,22,22,True,0
ieee30,ExtraTrees,Baseline+NormVI,30,64,23,23,True,0
ieee30,ExtraTrees,Baseline+NormVI,30,65,24,24,True,0
ieee30,ExtraTrees,Baseline+NormVI,30,66,25,25,True,0
ieee30,ExtraTrees,Baseline+NormVI,30,67,26,26,True,0
ieee30,ExtraTrees,Baseline+NormVI,30,68,27,27,True,0
ieee30,ExtraTrees,Baseline+NormVI,30,69,28,28,True,0
ieee30,ExtraTrees,Baseline+NormVI,30,70,29,29,True,0
ieee30,ExtraTrees,Baseline+NormVI,30,71,30,30,True,0
ieee30,ExtraTrees,Baseline+NormVI,30,72,1,1,True,0
ieee30,ExtraTrees,Baseline+NormVI,30,73,2,2,True,0
ieee30,ExtraTrees,Baseline+NormVI,30,74,3,3,True,0
ieee30,ExtraTrees,Baseline+NormVI,30,75,4,4,True,0
ieee30,ExtraTrees,Baseline+NormVI,30,76,5,5,True,0
ieee30,ExtraTrees,Baseline+NormVI,30,77,6,6,True,0
ieee30,ExtraTrees,Baseline+NormVI,30,78,7,7,True,0
ieee30,ExtraTrees,Baseline+NormVI,30,79,8,8,True,0
ieee30,ExtraTrees,Baseline+NormVI,30,80,9,9,True,0
ieee30,ExtraTrees,Baseline+NormVI,30,81,10,10,True,0
ieee30,ExtraTrees,Baseline+NormVI,30,82,11,11,True,0
ieee30,ExtraTrees,Baseline+NormVI,30,83,12,12,True,0
ieee30,ExtraTrees,Baseline+NormVI,30,84,13,13,True,0
ieee30,ExtraTrees,Baseline+NormVI,30,85,14,14,True,0
ieee30,ExtraTrees,Baseline+NormVI,30,86,15,15,True,0
ieee30,ExtraTrees,Baseline+NormVI,30,87,16,16,True,0
ieee30,ExtraTrees,Baseline+NormVI,30,88,17,17,True,0
ieee30,ExtraTrees,Baseline+NormVI,30,89,18,18,True,0
ieee30,ExtraTrees,Baseline+NormVI,30,90,19,19,True,0
ieee30,ExtraTrees,Baseline+NormVI,30,91,20,20,True,0
ieee30,ExtraTrees,Baseline+NormVI,30,92,21,21,True,0
ieee30,ExtraTrees,Baseline+NormVI,30,93,22,22,True,0
ieee30,ExtraTrees,Baseline+NormVI,30,94,23,23,True,0
ieee30,ExtraTrees,Baseline+NormVI,30,95,24,24,True,0
ieee30,ExtraTrees,Baseline+NormVI,30,96,25,25,True,0
ieee30,ExtraTrees,Baseline+NormVI,30,97,26,26,True,0
ieee30,ExtraTrees,Baseline+NormVI,30,98,27,27,True,0
ieee30,ExtraTrees,Baseline+NormVI,30,99,28,28,True,0
ieee30,ExtraTrees,Baseline+NormVI,30,100,29,29,True,0
ieee30,ExtraTrees,Baseline+NormVI,30,101,30,30,True,0
ieee30,ExtraTrees,Baseline+NormVI,30,102,1,1,True,0
ieee30,ExtraTrees,Baseline+NormVI,30,103,2,2,True,0
ieee30,ExtraTrees,Baseline+NormVI,30,104,3,3,True,0
ieee30,ExtraTrees,Baseline+NormVI,30,105,4,4,True,0
ieee30,ExtraTrees,Baseline+NormVI,30,106,5,5,True,0
ieee30,ExtraTrees,Baseline+NormVI,30,107,6,6,True,0
ieee30,ExtraTrees,Baseline+NormVI,30,108,7,7,True,0
ieee30,ExtraTrees,Baseline+NormVI,30,109,8,8,True,0
ieee30,ExtraTrees,Baseline+NormVI,30,110,9,9,True,0
ieee30,ExtraTrees,Baseline+NormVI,30,111,10,10,True,0
ieee30,ExtraTrees,Baseline+NormVI,30,112,11,11,True,0
ieee30,ExtraTrees,Baseline+NormVI,30,113,12,12,True,0
ieee30,ExtraTrees,Baseline+NormVI,30,114,13,13,True,0
ieee30,ExtraTrees,Baseline+NormVI,30,115,14,14,True,0
ieee30,ExtraTrees,Baseline+NormVI,30,116,15,15,True,0
ieee30,ExtraTrees,Baseline+NormVI,30,117,16,16,True,0
ieee30,ExtraTrees,Baseline+NormVI,30,118,17,17,True,0
ieee30,ExtraTrees,Baseline+NormVI,30,119,18,18,True,0
ieee30,ExtraTrees,Baseline+NormVI,30,120,19,19,True,0
ieee30,ExtraTrees,Baseline+NormVI,30,121,20,20,True,0
ieee30,ExtraTrees,Baseline+NormVI,30,122,21,21,True,0
ieee30,ExtraTrees,Baseline+NormVI,30,123,22,22,True,0
ieee30,ExtraTrees,Baseline+NormVI,30,124,23,23,True,0
ieee30,ExtraTrees,Baseline+NormVI,30,125,24,24,True,0
ieee30,ExtraTrees,Baseline+NormVI,30,126,25,25,True,0
ieee30,ExtraTrees,Baseline+NormVI,30,127,26,26,True,0
ieee30,ExtraTrees,Baseline+NormVI,30,128,27,27,True,0
ieee30,ExtraTrees,Baseline+NormVI,30,129,28,28,True,0
ieee30,ExtraTrees,Baseline+NormVI,30,130,29,29,True,0
ieee30,ExtraTrees,Baseline+NormVI,30,131,30,30,True,0
ieee30,ExtraTrees,Baseline+NormVI,30,132,1,1,True,0
ieee30,ExtraTrees,Baseline+NormVI,30,133,2,2,True,0
ieee30,ExtraTrees,Baseline+NormVI,30,134,3,3,True,0
ieee30,ExtraTrees,Baseline+NormVI,30,135,4,4,True,0
ieee30,ExtraTrees,Baseline+NormVI,30,136,5,5,True,0
ieee30,ExtraTrees,Baseline+NormVI,30,137,6,6,True,0
ieee30,ExtraTrees,Baseline+NormVI,30,138,7,7,True,0
ieee30,ExtraTrees,Baseline+NormVI,30,139,8,8,True,0
ieee30,ExtraTrees,Baseline+NormVI,30,140,9,9,True,0
ieee30,ExtraTrees,Baseline+NormVI,30,141,10,10,True,0
ieee30,ExtraTrees,Baseline+NormVI,30,142,11,11,True,0
ieee30,ExtraTrees,Baseline+NormVI,30,143,12,12,True,0
ieee30,ExtraTrees,Baseline+NormVI,30,144,13,13,True,0
ieee30,ExtraTrees,Baseline+NormVI,30,145,14,14,True,0
ieee30,ExtraTrees,Baseline+NormVI,30,146,15,15,True,0
ieee30,ExtraTrees,Baseline+NormVI,30,147,16,16,True,0
ieee30,ExtraTrees,Baseline+NormVI,30,148,17,17,True,0
ieee30,ExtraTrees,Baseline+NormVI,30,149,18,18,True,0
ieee30,ExtraTrees,Baseline+NormVI,30,150,19,19,True,0
ieee30,ExtraTrees,Baseline+NormVI,30,151,20,20,True,0
ieee30,ExtraTrees,Baseline+NormVI,30,152,21,21,True,0
ieee30,ExtraTrees,Baseline+NormVI,30,153,22,22,True,0
ieee30,ExtraTrees,Baseline+NormVI,30,154,23,23,True,0
ieee30,ExtraTrees,Baseline+NormVI,30,155,24,24,True,0
ieee30,ExtraTrees,Baseline+NormVI,30,156,25,25,True,0
ieee30,ExtraTrees,Baseline+NormVI,30,157,26,26,True,0
ieee30,ExtraTrees,Baseline+NormVI,30,158,27,27,True,0
ieee30,ExtraTrees,Baseline+NormVI,30,159,28,28,True,0
ieee30,ExtraTrees,Baseline+NormVI,30,160,29,29,True,0
ieee30,ExtraTrees,Baseline+NormVI,30,161,30,30,True,0
ieee30,ExtraTrees,Baseline+NormVI,30,203,1,1,True,0
ieee30,ExtraTrees,Baseline+NormVI,30,204,2,2,True,0
ieee30,ExtraTrees,Baseline+NormVI,30,205,3,3,True,0
ieee30,ExtraTrees,Baseline+NormVI,30,206,4,4,True,0
ieee30,ExtraTrees,Baseline+NormVI,30,207,5,5,True,0
ieee30,ExtraTrees,Baseline+NormVI,30,208,6,6,True,0
ieee30,ExtraTrees,Baseline+NormVI,30,209,7,7,True,0
ieee30,ExtraTrees,Baseline+NormVI,30,210,8,8,True,0
ieee30,ExtraTrees,Baseline+NormVI,30,211,9,9,True,0
ieee30,ExtraTrees,Baseline+NormVI,30,212,10,10,True,0
ieee30,ExtraTrees,Baseline+NormVI,30,213,11,11,True,0
ieee30,ExtraTrees,Baseline+NormVI,30,214,12,12,True,0
ieee30,ExtraTrees,Baseline+NormVI,30,215,13,13,True,0
ieee30,ExtraTrees,Baseline+NormVI,30,216,14,14,True,0
ieee30,ExtraTrees,Baseline+NormVI,30,217,15,15,True,0
ieee30,ExtraTrees,Baseline+NormVI,30,218,16,16,True,0
ieee30,ExtraTrees,Baseline+NormVI,30,219,17,17,True,0
ieee30,ExtraTrees,Baseline+NormVI,30,220,18,18,True,0
ieee30,ExtraTrees,Baseline+NormVI,30,221,19,19,True,0
ieee30,ExtraTrees,Baseline+NormVI,30,222,20,20,True,0
ieee30,ExtraTrees,Baseline+NormVI,30,223,21,21,True,0
ieee30,ExtraTrees,Baseline+NormVI,30,224,22,22,True,0
ieee30,ExtraTrees,Baseline+NormVI,30,225,23,23,True,0
ieee30,ExtraTrees,Baseline+NormVI,30,226,24,24,True,0
ieee30,ExtraTrees,Baseline+NormVI,30,227,25,25,True,0
ieee30,ExtraTrees,Baseline+NormVI,30,228,26,26,True,0
ieee30,ExtraTrees,Baseline+NormVI,30,229,27,27,True,0
ieee30,ExtraTrees,Baseline+NormVI,30,230,28,28,True,0
ieee30,ExtraTrees,Baseline+NormVI,30,231,29,29,True,0
ieee30,ExtraTrees,Baseline+NormVI,30,232,30,30,True,0
ieee30,ExtraTrees,Baseline+NormVI,30,233,1,1,True,0
ieee30,ExtraTrees,Baseline+NormVI,30,234,2,2,True,0
ieee30,ExtraTrees,Baseline+NormVI,30,235,3,3,True,0
ieee30,ExtraTrees,Baseline+NormVI,30,236,4,4,True,0
ieee30,ExtraTrees,Baseline+NormVI,30,237,5,5,True,0
ieee30,ExtraTrees,Baseline+NormVI,30,238,6,6,True,0
ieee30,ExtraTrees,Baseline+NormVI,30,239,7,7,True,0
ieee30,ExtraTrees,Baseline+NormVI,30,240,8,8,True,0
ieee30,ExtraTrees,Baseline+NormVI,30,241,9,9,True,0
ieee30,ExtraTrees,Baseline+NormVI,30,242,10,10,True,0
ieee30,ExtraTrees,Baseline+NormVI,30,243,11,11,True,0
ieee30,ExtraTrees,Baseline+NormVI,30,244,12,12,True,0
ieee30,ExtraTrees,Baseline+NormVI,30,245,13,13,True,0
ieee30,ExtraTrees,Baseline+NormVI,30,246,14,14,True,0
ieee30,ExtraTrees,Baseline+NormVI,30,247,15,15,True,0
ieee30,ExtraTrees,Baseline+NormVI,30,248,16,16,True,0
ieee30,ExtraTrees,Baseline+NormVI,30,249,17,17,True,0
ieee30,ExtraTrees,Baseline+NormVI,30,250,18,18,True,0
ieee30,ExtraTrees,Baseline+NormVI,30,251,19,19,True,0
ieee30,ExtraTrees,Baseline+NormVI,30,252,20,20,True,0
ieee30,ExtraTrees,Baseline+NormVI,30,253,21,21,True,0
ieee30,ExtraTrees,Baseline+NormVI,30,254,22,22,True,0
ieee30,ExtraTrees,Baseline+NormVI,30,255,23,23,True,0
ieee30,ExtraTrees,Baseline+NormVI,30,256,24,24,True,0
ieee30,ExtraTrees,Baseline+NormVI,30,257,25,25,True,0
ieee30,ExtraTrees,Baseline+NormVI,30,258,26,26,True,0
ieee30,ExtraTrees,Baseline+NormVI,30,259,27,27,True,0
ieee30,ExtraTrees,Baseline+NormVI,30,260,28,28,True,0
ieee30,ExtraTrees,Baseline+NormVI,30,261,29,29,True,0
ieee30,ExtraTrees,Baseline+NormVI,30,262,30,30,True,0
ieee30,ExtraTrees,Baseline+NormVI,30,263,1,1,True,0
ieee30,ExtraTrees,Baseline+NormVI,30,264,2,2,True,0
ieee30,ExtraTrees,Baseline+NormVI,30,265,3,3,True,0
ieee30,ExtraTrees,Baseline+NormVI,30,266,4,4,True,0
ieee30,ExtraTrees,Baseline+NormVI,30,267,5,5,True,0
ieee30,ExtraTrees,Baseline+NormVI,30,268,6,6,True,0
ieee30,ExtraTrees,Baseline+NormVI,30,269,7,7,True,0
ieee30,ExtraTrees,Baseline+NormVI,30,270,8,8,True,0
ieee30,ExtraTrees,Baseline+NormVI,30,271,9,9,True,0
ieee30,ExtraTrees,Baseline+NormVI,30,272,10,10,True,0
ieee30,ExtraTrees,Baseline+NormVI,30,273,11,11,True,0
ieee30,ExtraTrees,Baseline+NormVI,30,274,12,12,True,0
ieee30,ExtraTrees,Baseline+NormVI,30,275,13,13,True,0
ieee30,ExtraTrees,Baseline+NormVI,30,276,14,14,True,0
ieee30,ExtraTrees,Baseline+NormVI,30,277,15,15,True,0
ieee30,ExtraTrees,Baseline+NormVI,30,278,16,16,True,0
ieee30,ExtraTrees,Baseline+NormVI,30,279,17,17,True,0
ieee30,ExtraTrees,Baseline+NormVI,30,280,18,18,True,0
ieee30,ExtraTrees,Baseline+NormVI,30,281,19,19,True,0
ieee30,ExtraTrees,Baseline+NormVI,30,282,20,20,True,0
ieee30,ExtraTrees,Baseline+NormVI,30,283,21,21,True,0
ieee30,ExtraTrees,Baseline+NormVI,30,284,22,22,True,0
ieee30,ExtraTrees,Baseline+NormVI,30,285,23,23,True,0
ieee30,ExtraTrees,Baseline+NormVI,30,286,24,24,True,0
ieee30,ExtraTrees,Baseline+NormVI,30,287,25,25,True,0
ieee30,ExtraTrees,Baseline+NormVI,30,288,26,26,True,0
ieee30,ExtraTrees,Baseline+NormVI,30,289,27,27,True,0
ieee30,ExtraTrees,Baseline+NormVI,30,290,28,28,True,0
ieee30,ExtraTrees,Baseline+NormVI,30,291,29,29,True,0
ieee30,ExtraTrees,Baseline+NormVI,30,292,30,30,True,0
ieee30,ExtraTrees,Baseline+NormVI,30,293,1,1,True,0
ieee30,ExtraTrees,Baseline+NormVI,30,294,2,2,True,0
ieee30,ExtraTrees,Baseline+NormVI,30,295,3,3,True,0
ieee30,ExtraTrees,Baseline+NormVI,30,296,4,4,True,0
ieee30,ExtraTrees,Baseline+NormVI,30,297,5,5,True,0
ieee30,ExtraTrees,Baseline+NormVI,30,298,6,6,True,0
ieee30,ExtraTrees,Baseline+NormVI,30,299,7,7,True,0
ieee30,ExtraTrees,Baseline+NormVI,30,300,8,8,True,0
ieee30,ExtraTrees,Baseline+NormVI,30,301,9,9,True,0
ieee30,ExtraTrees,Baseline+NormVI,30,302,10,10,True,0
ieee30,ExtraTrees,Baseline+NormVI,30,303,11,11,True,0
ieee30,ExtraTrees,Baseline+NormVI,30,304,12,12,True,0
ieee30,ExtraTrees,Baseline+NormVI,30,305,13,13,True,0
ieee30,ExtraTrees,Baseline+NormVI,30,306,14,14,True,0
ieee30,ExtraTrees,Baseline+NormVI,30,307,15,15,True,0
ieee30,ExtraTrees,Baseline+NormVI,30,308,16,16,True,0
ieee30,ExtraTrees,Baseline+NormVI,30,309,17,17,True,0
ieee30,ExtraTrees,Baseline+NormVI,30,310,18,18,True,0
ieee30,ExtraTrees,Baseline+NormVI,30,311,19,19,True,0
ieee30,ExtraTrees,Baseline+NormVI,30,312,20,20,True,0
ieee30,ExtraTrees,Baseline+NormVI,30,313,21,21,True,0
ieee30,ExtraTrees,Baseline+NormVI,30,314,22,22,True,0
ieee30,ExtraTrees,Baseline+NormVI,30,315,23,23,True,0
ieee30,ExtraTrees,Baseline+NormVI,30,316,24,24,True,0
ieee30,ExtraTrees,Baseline+NormVI,30,317,25,25,True,0
ieee30,ExtraTrees,Baseline+NormVI,30,318,26,26,True,0
ieee30,ExtraTrees,Baseline+NormVI,30,319,27,27,True,0
ieee30,ExtraTrees,Baseline+NormVI,30,320,28,28,True,0
ieee30,ExtraTrees,Baseline+NormVI,30,321,29,29,True,0
ieee30,ExtraTrees,Baseline+NormVI,30,322,30,30,True,0
ieee30,ExtraTrees,Baseline+NormVI,30,364,1,1,True,0
ieee30,ExtraTrees,Baseline+NormVI,30,365,2,2,True,0
ieee30,ExtraTrees,Baseline+NormVI,30,366,3,3,True,0
ieee30,ExtraTrees,Baseline+NormVI,30,367,4,4,True,0
ieee30,ExtraTrees,Baseline+NormVI,30,368,5,5,True,0
ieee30,ExtraTrees,Baseline+NormVI,30,369,6,6,True,0
ieee30,ExtraTrees,Baseline+NormVI,30,370,7,7,True,0
ieee30,ExtraTrees,Baseline+NormVI,30,371,8,8,True,0
ieee30,ExtraTrees,Baseline+NormVI,30,372,9,9,True,0
ieee30,ExtraTrees,Baseline+NormVI,30,373,10,10,True,0
ieee30,ExtraTrees,Baseline+NormVI,30,374,11,11,True,0
ieee30,ExtraTrees,Baseline+NormVI,30,375,12,12,True,0
ieee30,ExtraTrees,Baseline+NormVI,30,376,13,13,True,0
ieee30,ExtraTrees,Baseline+NormVI,30,377,14,14,True,0
ieee30,ExtraTrees,Baseline+NormVI,30,378,15,15,True,0
ieee30,ExtraTrees,Baseline+NormVI,30,379,16,16,True,0
ieee30,ExtraTrees,Baseline+NormVI,30,380,17,17,True,0
ieee30,ExtraTrees,Baseline+NormVI,30,381,18,18,True,0
ieee30,ExtraTrees,Baseline+NormVI,30,382,19,19,True,0
ieee30,ExtraTrees,Baseline+NormVI,30,383,20,20,True,0
ieee30,ExtraTrees,Baseline+NormVI,30,384,21,21,True,0
ieee30,ExtraTrees,Baseline+NormVI,30,385,22,22,True,0
ieee30,ExtraTrees,Baseline+NormVI,30,386,23,23,True,0
ieee30,ExtraTrees,Baseline+NormVI,30,387,24,24,True,0
ieee30,ExtraTrees,Baseline+NormVI,30,388,25,25,True,0
ieee30,ExtraTrees,Baseline+NormVI,30,389,26,26,True,0
ieee30,ExtraTrees,Baseline+NormVI,30,390,27,27,True,0
ieee30,ExtraTrees,Baseline+NormVI,30,391,28,28,True,0
ieee30,ExtraTrees,Baseline+NormVI,30,392,29,29,True,0
ieee30,ExtraTrees,Baseline+NormVI,30,393,30,30,True,0
ieee30,ExtraTrees,Baseline+NormVI,30,394,1,1,True,0
ieee30,ExtraTrees,Baseline+NormVI,30,395,2,2,True,0
ieee30,ExtraTrees,Baseline+NormVI,30,396,3,3,True,0
ieee30,ExtraTrees,Baseline+NormVI,30,397,4,4,True,0
ieee30,ExtraTrees,Baseline+NormVI,30,398,5,5,True,0
ieee30,ExtraTrees,Baseline+NormVI,30,399,6,6,True,0
ieee30,ExtraTrees,Baseline+NormVI,30,400,7,7,True,0
ieee30,ExtraTrees,Baseline+NormVI,30,401,8,8,True,0
ieee30,ExtraTrees,Baseline+NormVI,30,402,9,9,True,0
ieee30,ExtraTrees,Baseline+NormVI,30,403,10,10,True,0
ieee30,ExtraTrees,Baseline+NormVI,30,404,11,11,True,0
ieee30,ExtraTrees,Baseline+NormVI,30,405,12,12,True,0
ieee30,ExtraTrees,Baseline+NormVI,30,406,13,13,True,0
ieee30,ExtraTrees,Baseline+NormVI,30,407,14,14,True,0
ieee30,ExtraTrees,Baseline+NormVI,30,408,15,15,True,0
ieee30,ExtraTrees,Baseline+NormVI,30,409,16,16,True,0
ieee30,ExtraTrees,Baseline+NormVI,30,410,17,17,True,0
ieee30,ExtraTrees,Baseline+NormVI,30,411,18,18,True,0
ieee30,ExtraTrees,Baseline+NormVI,30,412,19,19,True,0
ieee30,ExtraTrees,Baseline+NormVI,30,413,20,20,True,0
ieee30,ExtraTrees,Baseline+NormVI,30,414,21,21,True,0
ieee30,ExtraTrees,Baseline+NormVI,30,415,22,22,True,0
ieee30,ExtraTrees,Baseline+NormVI,30,416,23,23,True,0
ieee30,ExtraTrees,Baseline+NormVI,30,417,24,24,True,0
ieee30,ExtraTrees,Baseline+NormVI,30,418,25,25,True,0
ieee30,ExtraTrees,Baseline+NormVI,30,419,26,26,True,0
ieee30,ExtraTrees,Baseline+NormVI,30,420,27,27,True,0
ieee30,ExtraTrees,Baseline+NormVI,30,421,28,28,True,0
ieee30,ExtraTrees,Baseline+NormVI,30,422,29,29,True,0
ieee30,ExtraTrees,Baseline+NormVI,30,423,30,30,True,0
ieee30,ExtraTrees,Baseline+NormVI,30,424,1,1,True,0
ieee30,ExtraTrees,Baseline+NormVI,30,425,2,2,True,0
ieee30,ExtraTrees,Baseline+NormVI,30,426,3,3,True,0
ieee30,ExtraTrees,Baseline+NormVI,30,427,4,4,True,0
ieee30,ExtraTrees,Baseline+NormVI,30,428,5,5,True,0
ieee30,ExtraTrees,Baseline+NormVI,30,429,6,6,True,0
ieee30,ExtraTrees,Baseline+NormVI,30,430,7,7,True,0
ieee30,ExtraTrees,Baseline+NormVI,30,431,8,8,True,0
ieee30,ExtraTrees,Baseline+NormVI,30,432,9,9,True,0
ieee30,ExtraTrees,Baseline+NormVI,30,433,10,10,True,0
ieee30,ExtraTrees,Baseline+NormVI,30,434,11,11,True,0
ieee30,ExtraTrees,Baseline+NormVI,30,435,12,12,True,0
ieee30,ExtraTrees,Baseline+NormVI,30,436,13,13,True,0
ieee30,ExtraTrees,Baseline+NormVI,30,437,14,14,True,0
ieee30,ExtraTrees,Baseline+NormVI,30,438,15,15,True,0
ieee30,ExtraTrees,Baseline+NormVI,30,439,16,16,True,0
ieee30,ExtraTrees,Baseline+NormVI,30,440,17,17,True,0
ieee30,ExtraTrees,Baseline+NormVI,30,441,18,18,True,0
ieee30,ExtraTrees,Baseline+NormVI,30,442,19,19,True,0
ieee30,ExtraTrees,Baseline+NormVI,30,443,20,20,True,0
ieee30,ExtraTrees,Baseline+NormVI,30,444,21,21,True,0
ieee30,ExtraTrees,Baseline+NormVI,30,445,22,22,True,0
ieee30,ExtraTrees,Baseline+NormVI,30,446,23,23,True,0
ieee30,ExtraTrees,Baseline+NormVI,30,447,24,24,True,0
ieee30,ExtraTrees,Baseline+NormVI,30,448,25,25,True,0
ieee30,ExtraTrees,Baseline+NormVI,30,449,26,26,True,0
ieee30,ExtraTrees,Baseline+NormVI,30,450,27,27,True,0
ieee30,ExtraTrees,Baseline+NormVI,30,451,28,28,True,0
ieee30,ExtraTrees,Baseline+NormVI,30,452,29,29,True,0
ieee30,ExtraTrees,Baseline+NormVI,30,453,30,30,True,0
ieee30,ExtraTrees,Baseline+NormVI,30,454,1,1,True,0
ieee30,ExtraTrees,Baseline+NormVI,30,455,2,2,True,0
ieee30,ExtraTrees,Baseline+NormVI,30,456,3,3,True,0
ieee30,ExtraTrees,Baseline+NormVI,30,457,4,4,True,0
ieee30,ExtraTrees,Baseline+NormVI,30,458,5,5,True,0
ieee30,ExtraTrees,Baseline+NormVI,30,459,6,6,True,0
ieee30,ExtraTrees,Baseline+NormVI,30,460,7,7,True,0
ieee30,ExtraTrees,Baseline+NormVI,30,461,8,8,True,0
ieee30,ExtraTrees,Baseline+NormVI,30,462,9,9,True,0
ieee30,ExtraTrees,Baseline+NormVI,30,463,10,10,True,0
ieee30,ExtraTrees,Baseline+NormVI,30,464,11,11,True,0
ieee30,ExtraTrees,Baseline+NormVI,30,465,12,12,True,0
ieee30,ExtraTrees,Baseline+NormVI,30,466,13,13,True,0
ieee30,ExtraTrees,Baseline+NormVI,30,467,14,14,True,0
ieee30,ExtraTrees,Baseline+NormVI,30,468,15,15,True,0
ieee30,ExtraTrees,Baseline+NormVI,30,469,16,16,True,0
ieee30,ExtraTrees,Baseline+NormVI,30,470,17,17,True,0
ieee30,ExtraTrees,Baseline+NormVI,30,471,18,18,True,0
ieee30,ExtraTrees,Baseline+NormVI,30,472,19,19,True,0
ieee30,ExtraTrees,Baseline+NormVI,30,473,20,20,True,0
ieee30,ExtraTrees,Baseline+NormVI,30,474,21,21,True,0
ieee30,ExtraTrees,Baseline+NormVI,30,475,22,22,True,0
ieee30,ExtraTrees,Baseline+NormVI,30,476,23,23,True,0
ieee30,ExtraTrees,Baseline+NormVI,30,477,24,24,True,0
ieee30,ExtraTrees,Baseline+NormVI,30,478,25,25,True,0
ieee30,ExtraTrees,Baseline+NormVI,30,479,26,26,True,0
ieee30,ExtraTrees,Baseline+NormVI,30,480,27,27,True,0
ieee30,ExtraTrees,Baseline+NormVI,30,481,28,28,True,0
ieee30,ExtraTrees,Baseline+NormVI,30,482,29,29,True,0
ieee30,ExtraTrees,Baseline+NormVI,30,483,30,30,True,0
ieee30,ExtraTrees,Baseline+NormVI,30,525,1,1,True,0
ieee30,ExtraTrees,Baseline+NormVI,30,526,2,2,True,0
ieee30,ExtraTrees,Baseline+NormVI,30,527,3,3,True,0
ieee30,ExtraTrees,Baseline+NormVI,30,528,4,4,True,0
ieee30,ExtraTrees,Baseline+NormVI,30,529,5,5,True,0
ieee30,ExtraTrees,Baseline+NormVI,30,530,6,6,True,0
ieee30,ExtraTrees,Baseline+NormVI,30,531,7,7,True,0
ieee30,ExtraTrees,Baseline+NormVI,30,532,8,8,True,0
ieee30,ExtraTrees,Baseline+NormVI,30,533,9,9,True,0
ieee30,ExtraTrees,Baseline+NormVI,30,534,10,10,True,0
ieee30,ExtraTrees,Baseline+NormVI,30,535,11,11,True,0
ieee30,ExtraTrees,Baseline+NormVI,30,536,12,12,True,0
ieee30,ExtraTrees,Baseline+NormVI,30,537,13,13,True,0
ieee30,ExtraTrees,Baseline+NormVI,30,538,14,14,True,0
ieee30,ExtraTrees,Baseline+NormVI,30,539,15,15,True,0
ieee30,ExtraTrees,Baseline+NormVI,30,540,16,16,True,0
ieee30,ExtraTrees,Baseline+NormVI,30,541,17,17,True,0
ieee30,ExtraTrees,Baseline+NormVI,30,542,18,18,True,0
ieee30,ExtraTrees,Baseline+NormVI,30,543,19,19,True,0
ieee30,ExtraTrees,Baseline+NormVI,30,544,20,20,True,0
ieee30,ExtraTrees,Baseline+NormVI,30,545,21,21,True,0
ieee30,ExtraTrees,Baseline+NormVI,30,546,22,22,True,0
ieee30,ExtraTrees,Baseline+NormVI,30,547,23,23,True,0
ieee30,ExtraTrees,Baseline+NormVI,30,548,24,24,True,0
ieee30,ExtraTrees,Baseline+NormVI,30,549,25,25,True,0
ieee30,ExtraTrees,Baseline+NormVI,30,550,26,26,True,0
ieee30,ExtraTrees,Baseline+NormVI,30,551,27,27,True,0
ieee30,ExtraTrees,Baseline+NormVI,30,552,28,28,True,0
ieee30,ExtraTrees,Baseline+NormVI,30,553,29,29,True,0
ieee30,ExtraTrees,Baseline+NormVI,30,554,30,30,True,0
ieee30,ExtraTrees,Baseline+NormVI,30,555,1,1,True,0
ieee30,ExtraTrees,Baseline+NormVI,30,556,2,2,True,0
ieee30,ExtraTrees,Baseline+NormVI,30,557,3,3,True,0
ieee30,ExtraTrees,Baseline+NormVI,30,558,4,4,True,0
ieee30,ExtraTrees,Baseline+NormVI,30,559,5,5,True,0
ieee30,ExtraTrees,Baseline+NormVI,30,560,6,6,True,0
ieee30,ExtraTrees,Baseline+NormVI,30,561,7,7,True,0
ieee30,ExtraTrees,Baseline+NormVI,30,562,8,8,True,0
ieee30,ExtraTrees,Baseline+NormVI,30,563,9,9,True,0
ieee30,ExtraTrees,Baseline+NormVI,30,564,10,10,True,0
ieee30,ExtraTrees,Baseline+NormVI,30,565,11,11,True,0
ieee30,ExtraTrees,Baseline+NormVI,30,566,12,12,True,0
ieee30,ExtraTrees,Baseline+NormVI,30,567,13,13,True,0
ieee30,ExtraTrees,Baseline+NormVI,30,568,14,14,True,0
ieee30,ExtraTrees,Baseline+NormVI,30,569,15,15,True,0
ieee30,ExtraTrees,Baseline+NormVI,30,570,16,16,True,0
ieee30,ExtraTrees,Baseline+NormVI,30,571,17,17,True,0
ieee30,ExtraTrees,Baseline+NormVI,30,572,18,18,True,0
ieee30,ExtraTrees,Baseline+NormVI,30,573,19,19,True,0
ieee30,ExtraTrees,Baseline+NormVI,30,574,20,20,True,0
ieee30,ExtraTrees,Baseline+NormVI,30,575,21,21,True,0
ieee30,ExtraTrees,Baseline+NormVI,30,576,22,22,True,0
ieee30,ExtraTrees,Baseline+NormVI,30,577,23,23,True,0
ieee30,ExtraTrees,Baseline+NormVI,30,578,24,24,True,0
ieee30,ExtraTrees,Baseline+NormVI,30,579,25,25,True,0
ieee30,ExtraTrees,Baseline+NormVI,30,580,26,26,True,0
ieee30,ExtraTrees,Baseline+NormVI,30,581,27,27,True,0
ieee30,ExtraTrees,Baseline+NormVI,30,582,28,28,True,0
ieee30,ExtraTrees,Baseline+NormVI,30,583,29,29,True,0
ieee30,ExtraTrees,Baseline+NormVI,30,584,30,30,True,0
ieee30,ExtraTrees,Baseline+NormVI,30,585,1,1,True,0
ieee30,ExtraTrees,Baseline+NormVI,30,586,2,2,True,0
ieee30,ExtraTrees,Baseline+NormVI,30,587,3,3,True,0
ieee30,ExtraTrees,Baseline+NormVI,30,588,4,4,True,0
ieee30,ExtraTrees,Baseline+NormVI,30,589,5,5,True,0
ieee30,ExtraTrees,Baseline+NormVI,30,590,6,6,True,0
ieee30,ExtraTrees,Baseline+NormVI,30,591,7,7,True,0
ieee30,ExtraTrees,Baseline+NormVI,30,592,8,8,True,0
ieee30,ExtraTrees,Baseline+NormVI,30,593,9,9,True,0
ieee30,ExtraTrees,Baseline+NormVI,30,594,10,10,True,0
ieee30,ExtraTrees,Baseline+NormVI,30,595,11,11,True,0
ieee30,ExtraTrees,Baseline+NormVI,30,596,12,12,True,0
ieee30,ExtraTrees,Baseline+NormVI,30,597,13,13,True,0
ieee30,ExtraTrees,Baseline+NormVI,30,598,14,14,True,0
ieee30,ExtraTrees,Baseline+NormVI,30,599,15,15,True,0
ieee30,ExtraTrees,Baseline+NormVI,30,600,16,16,True,0
ieee30,ExtraTrees,Baseline+NormVI,30,601,17,17,True,0
ieee30,ExtraTrees,Baseline+NormVI,30,602,18,18,True,0
ieee30,ExtraTrees,Baseline+NormVI,30,603,19,19,True,0
ieee30,ExtraTrees,Baseline+NormVI,30,604,20,20,True,0
ieee30,ExtraTrees,Baseline+NormVI,30,605,21,21,True,0
ieee30,ExtraTrees,Baseline+NormVI,30,606,22,22,True,0
ieee30,ExtraTrees,Baseline+NormVI,30,607,23,23,True,0
ieee30,ExtraTrees,Baseline+NormVI,30,608,24,24,True,0
ieee30,ExtraTrees,Baseline+NormVI,30,609,25,25,True,0
ieee30,ExtraTrees,Baseline+NormVI,30,610,26,26,True,0
ieee30,ExtraTrees,Baseline+NormVI,30,611,27,27,True,0
ieee30,ExtraTrees,Baseline+NormVI,30,612,28,28,True,0
ieee30,ExtraTrees,Baseline+NormVI,30,613,29,29,True,0
ieee30,ExtraTrees,Baseline+NormVI,30,614,30,30,True,0
ieee30,ExtraTrees,Baseline+NormVI,30,615,1,1,True,0
ieee30,ExtraTrees,Baseline+NormVI,30,616,2,2,True,0
ieee30,ExtraTrees,Baseline+NormVI,30,617,3,3,True,0
ieee30,ExtraTrees,Baseline+NormVI,30,618,4,4,True,0
ieee30,ExtraTrees,Baseline+NormVI,30,619,5,5,True,0
ieee30,ExtraTrees,Baseline+NormVI,30,620,6,6,True,0
ieee30,ExtraTrees,Baseline+NormVI,30,621,7,7,True,0
ieee30,ExtraTrees,Baseline+NormVI,30,622,8,8,True,0
ieee30,ExtraTrees,Baseline+NormVI,30,623,9,9,True,0
ieee30,ExtraTrees,Baseline+NormVI,30,624,10,10,True,0
ieee30,ExtraTrees,Baseline+NormVI,30,625,11,11,True,0
ieee30,ExtraTrees,Baseline+NormVI,30,626,12,12,True,0
ieee30,ExtraTrees,Baseline+NormVI,30,627,13,13,True,0
ieee30,ExtraTrees,Baseline+NormVI,30,628,14,14,True,0
ieee30,ExtraTrees,Baseline+NormVI,30,629,15,15,True,0
ieee30,ExtraTrees,Baseline+NormVI,30,630,16,16,True,0
ieee30,ExtraTrees,Baseline+NormVI,30,631,17,17,True,0
ieee30,ExtraTrees,Baseline+NormVI,30,632,18,18,True,0
ieee30,ExtraTrees,Baseline+NormVI,30,633,19,19,True,0
ieee30,ExtraTrees,Baseline+NormVI,30,634,20,20,True,0
ieee30,ExtraTrees,Baseline+NormVI,30,635,21,21,True,0
ieee30,ExtraTrees,Baseline+NormVI,30,636,22,22,True,0
ieee30,ExtraTrees,Baseline+NormVI,30,637,23,23,True,0
ieee30,ExtraTrees,Baseline+NormVI,30,638,24,24,True,0
ieee30,ExtraTrees,Baseline+NormVI,30,639,25,25,True,0
ieee30,ExtraTrees,Baseline+NormVI,30,640,26,26,True,0
ieee30,ExtraTrees,Baseline+NormVI,30,641,27,27,True,0
ieee30,ExtraTrees,Baseline+NormVI,30,642,28,28,True,0
ieee30,ExtraTrees,Baseline+NormVI,30,643,29,29,True,0
ieee30,ExtraTrees,Baseline+NormVI,30,644,30,30,True,0
ieee30,ExtraTrees,Baseline+NormVI,30,686,1,1,True,0
ieee30,ExtraTrees,Baseline+NormVI,30,687,2,2,True,0
ieee30,ExtraTrees,Baseline+NormVI,30,688,3,3,True,0
ieee30,ExtraTrees,Baseline+NormVI,30,689,4,4,True,0
ieee30,ExtraTrees,Baseline+NormVI,30,690,5,5,True,0
ieee30,ExtraTrees,Baseline+NormVI,30,691,6,6,True,0
ieee30,ExtraTrees,Baseline+NormVI,30,692,7,7,True,0
ieee30,ExtraTrees,Baseline+NormVI,30,693,8,8,True,0
ieee30,ExtraTrees,Baseline+NormVI,30,694,9,9,True,0
ieee30,ExtraTrees,Baseline+NormVI,30,695,10,10,True,0
ieee30,ExtraTrees,Baseline+NormVI,30,696,11,11,True,0
ieee30,ExtraTrees,Baseline+NormVI,30,697,12,12,True,0
ieee30,ExtraTrees,Baseline+NormVI,30,698,13,13,True,0
ieee30,ExtraTrees,Baseline+NormVI,30,699,14,14,True,0
ieee30,ExtraTrees,Baseline+NormVI,30,700,15,15,True,0
ieee30,ExtraTrees,Baseline+NormVI,30,701,16,16,True,0
ieee30,ExtraTrees,Baseline+NormVI,30,702,17,17,True,0
ieee30,ExtraTrees,Baseline+NormVI,30,703,18,18,True,0
ieee30,ExtraTrees,Baseline+NormVI,30,704,19,19,True,0
ieee30,ExtraTrees,Baseline+NormVI,30,705,20,20,True,0
ieee30,ExtraTrees,Baseline+NormVI,30,706,21,21,True,0
ieee30,ExtraTrees,Baseline+NormVI,30,707,22,22,True,0
ieee30,ExtraTrees,Baseline+NormVI,30,708,23,23,True,0
ieee30,ExtraTrees,Baseline+NormVI,30,709,24,24,True,0
ieee30,ExtraTrees,Baseline+NormVI,30,710,25,25,True,0
ieee30,ExtraTrees,Baseline+NormVI,30,711,26,26,True,0
ieee30,ExtraTrees,Baseline+NormVI,30,712,27,27,True,0
ieee30,ExtraTrees,Baseline+NormVI,30,713,28,28,True,0
ieee30,ExtraTrees,Baseline+NormVI,30,714,29,29,True,0
ieee30,ExtraTrees,Baseline+NormVI,30,715,30,30,True,0
ieee30,ExtraTrees,Baseline+NormVI,30,716,1,1,True,0
ieee30,ExtraTrees,Baseline+NormVI,30,717,2,2,True,0
ieee30,ExtraTrees,Baseline+NormVI,30,718,3,3,True,0
ieee30,ExtraTrees,Baseline+NormVI,30,719,4,4,True,0
ieee30,ExtraTrees,Baseline+NormVI,30,720,5,5,True,0
ieee30,ExtraTrees,Baseline+NormVI,30,721,6,6,True,0
ieee30,ExtraTrees,Baseline+NormVI,30,722,7,7,True,0
ieee30,ExtraTrees,Baseline+NormVI,30,723,8,8,True,0
ieee30,ExtraTrees,Baseline+NormVI,30,724,9,9,True,0
ieee30,ExtraTrees,Baseline+NormVI,30,725,10,10,True,0
ieee30,ExtraTrees,Baseline+NormVI,30,726,11,11,True,0
ieee30,ExtraTrees,Baseline+NormVI,30,727,12,12,True,0
ieee30,ExtraTrees,Baseline+NormVI,30,728,13,13,True,0
ieee30,ExtraTrees,Baseline+NormVI,30,729,14,14,True,0
ieee30,ExtraTrees,Baseline+NormVI,30,730,15,15,True,0
ieee30,ExtraTrees,Baseline+NormVI,30,731,16,16,True,0
ieee30,ExtraTrees,Baseline+NormVI,30,732,17,17,True,0
ieee30,ExtraTrees,Baseline+NormVI,30,733,18,18,True,0
ieee30,ExtraTrees,Baseline+NormVI,30,734,19,19,True,0
ieee30,ExtraTrees,Baseline+NormVI,30,735,20,20,True,0
ieee30,ExtraTrees,Baseline+NormVI,30,736,21,21,True,0
ieee30,ExtraTrees,Baseline+NormVI,30,737,22,22,True,0
ieee30,ExtraTrees,Baseline+NormVI,30,738,23,23,True,0
ieee30,ExtraTrees,Baseline+NormVI,30,739,24,24,True,0
ieee30,ExtraTrees,Baseline+NormVI,30,740,25,25,True,0
ieee30,ExtraTrees,Baseline+NormVI,30,741,26,26,True,0
ieee30,ExtraTrees,Baseline+NormVI,30,742,27,27,True,0
ieee30,ExtraTrees,Baseline+NormVI,30,743,28,28,True,0
ieee30,ExtraTrees,Baseline+NormVI,30,744,29,29,True,0
ieee30,ExtraTrees,Baseline+NormVI,30,745,30,30,True,0
ieee30,ExtraTrees,Baseline+NormVI,30,746,1,1,True,0
ieee30,ExtraTrees,Baseline+NormVI,30,747,2,2,True,0
ieee30,ExtraTrees,Baseline+NormVI,30,748,3,3,True,0
ieee30,ExtraTrees,Baseline+NormVI,30,749,4,4,True,0
ieee30,ExtraTrees,Baseline+NormVI,30,750,5,5,True,0
ieee30,ExtraTrees,Baseline+NormVI,30,751,6,6,True,0
ieee30,ExtraTrees,Baseline+NormVI,30,752,7,7,True,0
ieee30,ExtraTrees,Baseline+NormVI,30,753,8,8,True,0
ieee30,ExtraTrees,Baseline+NormVI,30,754,9,9,True,0
ieee30,ExtraTrees,Baseline+NormVI,30,755,10,10,True,0
ieee30,ExtraTrees,Baseline+NormVI,30,756,11,11,True,0
ieee30,ExtraTrees,Baseline+NormVI,30,757,12,12,True,0
ieee30,ExtraTrees,Baseline+NormVI,30,758,13,13,True,0
ieee30,ExtraTrees,Baseline+NormVI,30,759,14,14,True,0
ieee30,ExtraTrees,Baseline+NormVI,30,760,15,15,True,0
ieee30,ExtraTrees,Baseline+NormVI,30,761,16,16,True,0
ieee30,ExtraTrees,Baseline+NormVI,30,762,17,17,True,0
ieee30,ExtraTrees,Baseline+NormVI,30,763,18,18,True,0
ieee30,ExtraTrees,Baseline+NormVI,30,764,19,19,True,0
ieee30,ExtraTrees,Baseline+NormVI,30,765,20,20,True,0
ieee30,ExtraTrees,Baseline+NormVI,30,766,21,21,True,0
ieee30,ExtraTrees,Baseline+NormVI,30,767,22,22,True,0
ieee30,ExtraTrees,Baseline+NormVI,30,768,23,23,True,0
ieee30,ExtraTrees,Baseline+NormVI,30,769,24,24,True,0
ieee30,ExtraTrees,Baseline+NormVI,30,770,25,25,True,0
ieee30,ExtraTrees,Baseline+NormVI,30,771,26,26,True,0
ieee30,ExtraTrees,Baseline+NormVI,30,772,27,27,True,0
ieee30,ExtraTrees,Baseline+NormVI,30,773,28,28,True,0
ieee30,ExtraTrees,Baseline+NormVI,30,774,29,29,True,0
ieee30,ExtraTrees,Baseline+NormVI,30,775,30,30,True,0
ieee30,ExtraTrees,Baseline+NormVI,30,776,1,1,True,0
ieee30,ExtraTrees,Baseline+NormVI,30,777,2,2,True,0
ieee30,ExtraTrees,Baseline+NormVI,30,778,3,3,True,0
ieee30,ExtraTrees,Baseline+NormVI,30,779,4,4,True,0
ieee30,ExtraTrees,Baseline+NormVI,30,780,5,5,True,0
ieee30,ExtraTrees,Baseline+NormVI,30,781,6,6,True,0
ieee30,ExtraTrees,Baseline+NormVI,30,782,7,7,True,0
ieee30,ExtraTrees,Baseline+NormVI,30,783,8,8,True,0
ieee30,ExtraTrees,Baseline+NormVI,30,784,9,9,True,0
ieee30,ExtraTrees,Baseline+NormVI,30,785,10,10,True,0
ieee30,ExtraTrees,Baseline+NormVI,30,786,11,11,True,0
ieee30,ExtraTrees,Baseline+NormVI,30,787,12,12,True,0
ieee30,ExtraTrees,Baseline+NormVI,30,788,13,13,True,0
ieee30,ExtraTrees,Baseline+NormVI,30,789,14,14,True,0
ieee30,ExtraTrees,Baseline+NormVI,30,790,15,15,True,0
ieee30,ExtraTrees,Baseline+NormVI,30,791,16,16,True,0
ieee30,ExtraTrees,Baseline+NormVI,30,792,17,17,True,0
ieee30,ExtraTrees,Baseline+NormVI,30,793,18,18,True,0
ieee30,ExtraTrees,Baseline+NormVI,30,794,19,19,True,0
ieee30,ExtraTrees,Baseline+NormVI,30,795,20,20,True,0
ieee30,ExtraTrees,Baseline+NormVI,30,796,21,21,True,0
ieee30,ExtraTrees,Baseline+NormVI,30,797,22,22,True,0
ieee30,ExtraTrees,Baseline+NormVI,30,798,23,23,True,0
ieee30,ExtraTrees,Baseline+NormVI,30,799,24,24,True,0
ieee30,ExtraTrees,Baseline+NormVI,30,800,25,25,True,0
ieee30,ExtraTrees,Baseline+NormVI,30,801,26,26,True,0
ieee30,ExtraTrees,Baseline+NormVI,30,802,27,27,True,0
ieee30,ExtraTrees,Baseline+NormVI,30,803,28,28,True,0
ieee30,ExtraTrees,Baseline+NormVI,30,804,29,29,True,0
ieee30,ExtraTrees,Baseline+NormVI,30,805,30,30,True,0
ieee30,ExtraTrees,Baseline+NormVI,30,847,1,1,True,0
ieee30,ExtraTrees,Baseline+NormVI,30,848,2,2,True,0
ieee30,ExtraTrees,Baseline+NormVI,30,849,3,3,True,0
ieee30,ExtraTrees,Baseline+NormVI,30,850,4,4,True,0
ieee30,ExtraTrees,Baseline+NormVI,30,851,5,5,True,0
ieee30,ExtraTrees,Baseline+NormVI,30,852,6,6,True,0
ieee30,ExtraTrees,Baseline+NormVI,30,853,7,7,True,0
ieee30,ExtraTrees,Baseline+NormVI,30,854,8,8,True,0
ieee30,ExtraTrees,Baseline+NormVI,30,855,9,9,True,0
ieee30,ExtraTrees,Baseline+NormVI,30,856,10,10,True,0
ieee30,ExtraTrees,Baseline+NormVI,30,857,11,11,True,0
ieee30,ExtraTrees,Baseline+NormVI,30,858,12,12,True,0
ieee30,ExtraTrees,Baseline+NormVI,30,859,13,13,True,0
ieee30,ExtraTrees,Baseline+NormVI,30,860,14,14,True,0
ieee30,ExtraTrees,Baseline+NormVI,30,861,15,15,True,0
ieee30,ExtraTrees,Baseline+NormVI,30,862,16,16,True,0
ieee30,ExtraTrees,Baseline+NormVI,30,863,17,17,True,0
ieee30,ExtraTrees,Baseline+NormVI,30,864,18,18,True,0
ieee30,ExtraTrees,Baseline+NormVI,30,865,19,19,True,0
ieee30,ExtraTrees,Baseline+NormVI,30,866,20,20,True,0
ieee30,ExtraTrees,Baseline+NormVI,30,867,21,21,True,0
ieee30,ExtraTrees,Baseline+NormVI,30,868,22,22,True,0
ieee30,ExtraTrees,Baseline+NormVI,30,869,23,23,True,0
ieee30,ExtraTrees,Baseline+NormVI,30,870,24,24,True,0
ieee30,ExtraTrees,Baseline+NormVI,30,871,25,25,True,0
ieee30,ExtraTrees,Baseline+NormVI,30,872,26,26,True,0
ieee30,ExtraTrees,Baseline+NormVI,30,873,27,27,True,0
ieee30,ExtraTrees,Baseline+NormVI,30,874,28,28,True,0
ieee30,ExtraTrees,Baseline+NormVI,30,875,29,29,True,0
ieee30,ExtraTrees,Baseline+NormVI,30,876,30,30,True,0
ieee30,ExtraTrees,Baseline+NormVI,30,877,1,1,True,0
ieee30,ExtraTrees,Baseline+NormVI,30,878,2,2,True,0
ieee30,ExtraTrees,Baseline+NormVI,30,879,3,3,True,0
ieee30,ExtraTrees,Baseline+NormVI,30,880,4,4,True,0
ieee30,ExtraTrees,Baseline+NormVI,30,881,5,5,True,0
ieee30,ExtraTrees,Baseline+NormVI,30,882,6,6,True,0
ieee30,ExtraTrees,Baseline+NormVI,30,883,7,7,True,0
ieee30,ExtraTrees,Baseline+NormVI,30,884,8,8,True,0
ieee30,ExtraTrees,Baseline+NormVI,30,885,9,9,True,0
ieee30,ExtraTrees,Baseline+NormVI,30,886,10,10,True,0
ieee30,ExtraTrees,Baseline+NormVI,30,887,11,11,True,0
ieee30,ExtraTrees,Baseline+NormVI,30,888,12,12,True,0
ieee30,ExtraTrees,Baseline+NormVI,30,889,13,13,True,0
ieee30,ExtraTrees,Baseline+NormVI,30,890,14,14,True,0
ieee30,ExtraTrees,Baseline+NormVI,30,891,15,15,True,0
ieee30,ExtraTrees,Baseline+NormVI,30,892,16,16,True,0
ieee30,ExtraTrees,Baseline+NormVI,30,893,17,17,True,0
ieee30,ExtraTrees,Baseline+NormVI,30,894,18,18,True,0
ieee30,ExtraTrees,Baseline+NormVI,30,895,19,19,True,0
ieee30,ExtraTrees,Baseline+NormVI,30,896,20,20,True,0
ieee30,ExtraTrees,Baseline+NormVI,30,897,21,21,True,0
ieee30,ExtraTrees,Baseline+NormVI,30,898,22,22,True,0
ieee30,ExtraTrees,Baseline+NormVI,30,899,23,23,True,0
ieee30,ExtraTrees,Baseline+NormVI,30,900,24,24,True,0
ieee30,ExtraTrees,Baseline+NormVI,30,901,25,25,True,0
ieee30,ExtraTrees,Baseline+NormVI,30,902,26,26,True,0
ieee30,ExtraTrees,Baseline+NormVI,30,903,27,27,True,0
ieee30,ExtraTrees,Baseline+NormVI,30,904,28,28,True,0
ieee30,ExtraTrees,Baseline+NormVI,30,905,29,29,True,0
ieee30,ExtraTrees,Baseline+NormVI,30,906,30,30,True,0
ieee30,ExtraTrees,Baseline+NormVI,30,907,1,1,True,0
ieee30,ExtraTrees,Baseline+NormVI,30,908,2,2,True,0
ieee30,ExtraTrees,Baseline+NormVI,30,909,3,3,True,0
ieee30,ExtraTrees,Baseline+NormVI,30,910,4,4,True,0
ieee30,ExtraTrees,Baseline+NormVI,30,911,5,5,True,0
ieee30,ExtraTrees,Baseline+NormVI,30,912,6,6,True,0
ieee30,ExtraTrees,Baseline+NormVI,30,913,7,7,True,0
ieee30,ExtraTrees,Baseline+NormVI,30,914,8,8,True,0
ieee30,ExtraTrees,Baseline+NormVI,30,915,9,9,True,0
ieee30,ExtraTrees,Baseline+NormVI,30,916,10,10,True,0
ieee30,ExtraTrees,Baseline+NormVI,30,917,11,11,True,0
ieee30,ExtraTrees,Baseline+NormVI,30,918,12,12,True,0
ieee30,ExtraTrees,Baseline+NormVI,30,919,13,13,True,0
ieee30,ExtraTrees,Baseline+NormVI,30,920,14,14,True,0
ieee30,ExtraTrees,Baseline+NormVI,30,921,15,15,True,0
ieee30,ExtraTrees,Baseline+NormVI,30,922,16,16,True,0
ieee30,ExtraTrees,Baseline+NormVI,30,923,17,17,True,0
ieee30,ExtraTrees,Baseline+NormVI,30,924,18,18,True,0
ieee30,ExtraTrees,Baseline+NormVI,30,925,19,19,True,0
ieee30,ExtraTrees,Baseline+NormVI,30,926,20,20,True,0
ieee30,ExtraTrees,Baseline+NormVI,30,927,21,21,True,0
ieee30,ExtraTrees,Baseline+NormVI,30,928,22,22,True,0
ieee30,ExtraTrees,Baseline+NormVI,30,929,23,23,True,0
ieee30,ExtraTrees,Baseline+NormVI,30,930,24,24,True,0
ieee30,ExtraTrees,Baseline+NormVI,30,931,25,25,True,0
ieee30,ExtraTrees,Baseline+NormVI,30,932,26,26,True,0
ieee30,ExtraTrees,Baseline+NormVI,30,933,27,27,True,0
ieee30,ExtraTrees,Baseline+NormVI,30,934,28,28,True,0
ieee30,ExtraTrees,Baseline+NormVI,30,935,29,29,True,0
ieee30,ExtraTrees,Baseline+NormVI,30,936,30,30,True,0
ieee30,ExtraTrees,Baseline+NormVI,30,937,1,1,True,0
ieee30,ExtraTrees,Baseline+NormVI,30,938,2,2,True,0
ieee30,ExtraTrees,Baseline+NormVI,30,939,3,3,True,0
ieee30,ExtraTrees,Baseline+NormVI,30,940,4,4,True,0
ieee30,ExtraTrees,Baseline+NormVI,30,941,5,5,True,0
ieee30,ExtraTrees,Baseline+NormVI,30,942,6,6,True,0
ieee30,ExtraTrees,Baseline+NormVI,30,943,7,7,True,0
ieee30,ExtraTrees,Baseline+NormVI,30,944,8,8,True,0
ieee30,ExtraTrees,Baseline+NormVI,30,945,9,9,True,0
ieee30,ExtraTrees,Baseline+NormVI,30,946,10,10,True,0
ieee30,ExtraTrees,Baseline+NormVI,30,947,11,11,True,0
ieee30,ExtraTrees,Baseline+NormVI,30,948,12,12,True,0
ieee30,ExtraTrees,Baseline+NormVI,30,949,13,13,True,0
ieee30,ExtraTrees,Baseline+NormVI,30,950,14,14,True,0
ieee30,ExtraTrees,Baseline+NormVI,30,951,15,15,True,0
ieee30,ExtraTrees,Baseline+NormVI,30,952,16,16,True,0
ieee30,ExtraTrees,Baseline+NormVI,30,953,17,17,True,0
ieee30,ExtraTrees,Baseline+NormVI,30,954,18,18,True,0
ieee30,ExtraTrees,Baseline+NormVI,30,955,19,19,True,0
ieee30,ExtraTrees,Baseline+NormVI,30,956,20,20,True,0
ieee30,ExtraTrees,Baseline+NormVI,30,957,21,21,True,0
ieee30,ExtraTrees,Baseline+NormVI,30,958,22,22,True,0
ieee30,ExtraTrees,Baseline+NormVI,30,959,23,23,True,0
ieee30,ExtraTrees,Baseline+NormVI,30,960,24,24,True,0
ieee30,ExtraTrees,Baseline+NormVI,30,961,25,25,True,0
ieee30,ExtraTrees,Baseline+NormVI,30,962,26,26,True,0
ieee30,ExtraTrees,Baseline+NormVI,30,963,27,27,True,0
ieee30,ExtraTrees,Baseline+NormVI,30,964,28,28,True,0
ieee30,ExtraTrees,Baseline+NormVI,30,965,29,29,True,0
ieee30,ExtraTrees,Baseline+NormVI,30,966,30,30,True,0
ieee30,ExtraTrees,Baseline+NormVI,30,1008,1,1,True,0
ieee30,ExtraTrees,Baseline+NormVI,30,1009,2,2,True,0
ieee30,ExtraTrees,Baseline+NormVI,30,1010,3,3,True,0
ieee30,ExtraTrees,Baseline+NormVI,30,1011,4,4,True,0
ieee30,ExtraTrees,Baseline+NormVI,30,1012,5,5,True,0
ieee30,ExtraTrees,Baseline+NormVI,30,1013,6,6,True,0
ieee30,ExtraTrees,Baseline+NormVI,30,1014,7,7,True,0
ieee30,ExtraTrees,Baseline+NormVI,30,1015,8,8,True,0
ieee30,ExtraTrees,Baseline+NormVI,30,1016,9,9,True,0
ieee30,ExtraTrees,Baseline+NormVI,30,1017,10,10,True,0
ieee30,ExtraTrees,Baseline+NormVI,30,1018,11,11,True,0
ieee30,ExtraTrees,Baseline+NormVI,30,1019,12,12,True,0
ieee30,ExtraTrees,Baseline+NormVI,30,1020,13,13,True,0
ieee30,ExtraTrees,Baseline+NormVI,30,1021,14,14,True,0
ieee30,ExtraTrees,Baseline+NormVI,30,1022,15,15,True,0
ieee30,ExtraTrees,Baseline+NormVI,30,1023,16,16,True,0
ieee30,ExtraTrees,Baseline+NormVI,30,1024,17,17,True,0
ieee30,ExtraTrees,Baseline+NormVI,30,1025,18,18,True,0
ieee30,ExtraTrees,Baseline+NormVI,30,1026,19,19,True,0
ieee30,ExtraTrees,Baseline+NormVI,30,1027,20,20,True,0
ieee30,ExtraTrees,Baseline+NormVI,30,1028,21,21,True,0
ieee30,ExtraTrees,Baseline+NormVI,30,1029,22,22,True,0
ieee30,ExtraTrees,Baseline+NormVI,30,1030,23,23,True,0
ieee30,ExtraTrees,Baseline+NormVI,30,1031,24,24,True,0
ieee30,ExtraTrees,Baseline+NormVI,30,1032,25,25,True,0
ieee30,ExtraTrees,Baseline+NormVI,30,1033,26,26,True,0
ieee30,ExtraTrees,Baseline+NormVI,30,1034,27,27,True,0
ieee30,ExtraTrees,Baseline+NormVI,30,1035,28,28,True,0
ieee30,ExtraTrees,Baseline+NormVI,30,1036,29,29,True,0
ieee30,ExtraTrees,Baseline+NormVI,30,1037,30,30,True,0
ieee30,ExtraTrees,Baseline+NormVI,30,1038,1,1,True,0
ieee30,ExtraTrees,Baseline+NormVI,30,1039,2,2,True,0
ieee30,ExtraTrees,Baseline+NormVI,30,1040,3,3,True,0
ieee30,ExtraTrees,Baseline+NormVI,30,1041,4,4,True,0
ieee30,ExtraTrees,Baseline+NormVI,30,1042,5,5,True,0
ieee30,ExtraTrees,Baseline+NormVI,30,1043,6,6,True,0
ieee30,ExtraTrees,Baseline+NormVI,30,1044,7,7,True,0
ieee30,ExtraTrees,Baseline+NormVI,30,1045,8,8,True,0
ieee30,ExtraTrees,Baseline+NormVI,30,1046,9,9,True,0
ieee30,ExtraTrees,Baseline+NormVI,30,1047,10,10,True,0
ieee30,ExtraTrees,Baseline+NormVI,30,1048,11,11,True,0
ieee30,ExtraTrees,Baseline+NormVI,30,1049,12,12,True,0
ieee30,ExtraTrees,Baseline+NormVI,30,1050,13,13,True,0
ieee30,ExtraTrees,Baseline+NormVI,30,1051,14,14,True,0
ieee30,ExtraTrees,Baseline+NormVI,30,1052,15,15,True,0
ieee30,ExtraTrees,Baseline+NormVI,30,1053,16,16,True,0
ieee30,ExtraTrees,Baseline+NormVI,30,1054,17,17,True,0
ieee30,ExtraTrees,Baseline+NormVI,30,1055,18,18,True,0
ieee30,ExtraTrees,Baseline+NormVI,30,1056,19,19,True,0
ieee30,ExtraTrees,Baseline+NormVI,30,1057,20,20,True,0
ieee30,ExtraTrees,Baseline+NormVI,30,1058,21,21,True,0
ieee30,ExtraTrees,Baseline+NormVI,30,1059,22,22,True,0
ieee30,ExtraTrees,Baseline+NormVI,30,1060,23,23,True,0
ieee30,ExtraTrees,Baseline+NormVI,30,1061,24,24,True,0
ieee30,ExtraTrees,Baseline+NormVI,30,1062,25,25,True,0
ieee30,ExtraTrees,Baseline+NormVI,30,1063,26,26,True,0
ieee30,ExtraTrees,Baseline+NormVI,30,1064,27,27,True,0
ieee30,ExtraTrees,Baseline+NormVI,30,1065,28,28,True,0
ieee30,ExtraTrees,Baseline+NormVI,30,1066,29,29,True,0
ieee30,ExtraTrees,Baseline+NormVI,30,1067,30,30,True,0
ieee30,ExtraTrees,Baseline+NormVI,30,1068,1,1,True,0
ieee30,ExtraTrees,Baseline+NormVI,30,1069,2,2,True,0
ieee30,ExtraTrees,Baseline+NormVI,30,1070,3,3,True,0
ieee30,ExtraTrees,Baseline+NormVI,30,1071,4,4,True,0
ieee30,ExtraTrees,Baseline+NormVI,30,1072,5,5,True,0
ieee30,ExtraTrees,Baseline+NormVI,30,1073,6,6,True,0
ieee30,ExtraTrees,Baseline+NormVI,30,1074,7,7,True,0
ieee30,ExtraTrees,Baseline+NormVI,30,1075,8,8,True,0
ieee30,ExtraTrees,Baseline+NormVI,30,1076,9,9,True,0
ieee30,ExtraTrees,Baseline+NormVI,30,1077,10,10,True,0
ieee30,ExtraTrees,Baseline+NormVI,30,1078,11,11,True,0
ieee30,ExtraTrees,Baseline+NormVI,30,1079,12,12,True,0
ieee30,ExtraTrees,Baseline+NormVI,30,1080,13,13,True,0
ieee30,ExtraTrees,Baseline+NormVI,30,1081,14,14,True,0
ieee30,ExtraTrees,Baseline+NormVI,30,1082,15,15,True,0
ieee30,ExtraTrees,Baseline+NormVI,30,1083,16,16,True,0
ieee30,ExtraTrees,Baseline+NormVI,30,1084,17,17,True,0
ieee30,ExtraTrees,Baseline+NormVI,30,1085,18,18,True,0
ieee30,ExtraTrees,Baseline+NormVI,30,1086,19,19,True,0
ieee30,ExtraTrees,Baseline+NormVI,30,1087,20,20,True,0
ieee30,ExtraTrees,Baseline+NormVI,30,1088,21,21,True,0
ieee30,ExtraTrees,Baseline+NormVI,30,1089,22,22,True,0
ieee30,ExtraTrees,Baseline+NormVI,30,1090,23,23,True,0
ieee30,ExtraTrees,Baseline+NormVI,30,1091,24,24,True,0
ieee30,ExtraTrees,Baseline+NormVI,30,1092,25,25,True,0
ieee30,ExtraTrees,Baseline+NormVI,30,1093,26,26,True,0
ieee30,ExtraTrees,Baseline+NormVI,30,1094,27,27,True,0
ieee30,ExtraTrees,Baseline+NormVI,30,1095,28,28,True,0
ieee30,ExtraTrees,Baseline+NormVI,30,1096,29,29,True,0
ieee30,ExtraTrees,Baseline+NormVI,30,1097,30,30,True,0
ieee30,ExtraTrees,Baseline+NormVI,30,1098,1,1,True,0
ieee30,ExtraTrees,Baseline+NormVI,30,1099,2,2,True,0
ieee30,ExtraTrees,Baseline+NormVI,30,1100,3,3,True,0
ieee30,ExtraTrees,Baseline+NormVI,30,1101,4,4,True,0
ieee30,ExtraTrees,Baseline+NormVI,30,1102,5,5,True,0
ieee30,ExtraTrees,Baseline+NormVI,30,1103,6,6,True,0
ieee30,ExtraTrees,Baseline+NormVI,30,1104,7,7,True,0
ieee30,ExtraTrees,Baseline+NormVI,30,1105,8,8,True,0
ieee30,ExtraTrees,Baseline+NormVI,30,1106,9,9,True,0
ieee30,ExtraTrees,Baseline+NormVI,30,1107,10,10,True,0
ieee30,ExtraTrees,Baseline+NormVI,30,1108,11,11,True,0
ieee30,ExtraTrees,Baseline+NormVI,30,1109,12,12,True,0
ieee30,ExtraTrees,Baseline+NormVI,30,1110,13,13,True,0
ieee30,ExtraTrees,Baseline+NormVI,30,1111,14,14,True,0
ieee30,ExtraTrees,Baseline+NormVI,30,1112,15,15,True,0
ieee30,ExtraTrees,Baseline+NormVI,30,1113,16,16,True,0
ieee30,ExtraTrees,Baseline+NormVI,30,1114,17,17,True,0
ieee30,ExtraTrees,Baseline+NormVI,30,1115,18,18,True,0
ieee30,ExtraTrees,Baseline+NormVI,30,1116,19,19,True,0
ieee30,ExtraTrees,Baseline+NormVI,30,1117,20,20,True,0
ieee30,ExtraTrees,Baseline+NormVI,30,1118,21,21,True,0
ieee30,ExtraTrees,Baseline+NormVI,30,1119,22,22,True,0
ieee30,ExtraTrees,Baseline+NormVI,30,1120,23,23,True,0
ieee30,ExtraTrees,Baseline+NormVI,30,1121,24,24,True,0
ieee30,ExtraTrees,Baseline+NormVI,30,1122,25,25,True,0
ieee30,ExtraTrees,Baseline+NormVI,30,1123,26,26,True,0
ieee30,ExtraTrees,Baseline+NormVI,30,1124,27,27,True,0
ieee30,ExtraTrees,Baseline+NormVI,30,1125,28,28,True,0
ieee30,ExtraTrees,Baseline+NormVI,30,1126,29,29,True,0
ieee30,ExtraTrees,Baseline+NormVI,30,1127,30,30,True,0
