Network,Model,FeatureSet,WMUCount,SelectedWMUBuses,ExactBusAccuracy,OneHopAccuracy,GraphDistanceMAE,Top3Accuracy
ieee14,ExtraTrees,Baseline,3,2;6;9,1.0,1.0,0.0,1.0
ieee14,RandomForest,Baseline,3,2;6;9,1.0,1.0,0.0,1.0
ieee14,ExtraTrees,Baseline+NormVI,3,2;6;9,1.0,1.0,0.0,1.0
ieee14,RandomForest,Baseline+NormVI,3,2;6;9,0.9974489795918368,0.9974489795918368,0.00510204081632653,1.0
ieee14,ExtraTrees,Baseline+NormVI+Rank,3,2;6;9,1.0,1.0,0.0,1.0
ieee14,RandomForest,Baseline+NormVI+Rank,3,2;6;9,0.9974489795918368,0.9974489795918368,0.00510204081632653,1.0
ieee14,ExtraTrees,SpatialOnly,3,2;6;9,1.0,1.0,0.0,1.0
ieee14,RandomForest,SpatialOnly,3,2;6;9,0.9974489795918368,1.0,0.002551020408163265,0.9974489795918368
ieee14,ExtraTrees,Baseline,5,2;6;9;11;4,1.0,1.0,0.0,1.0
ieee14,RandomForest,Baseline,5,2;6;9;11;4,1.0,1.0,0.0,1.0
ieee14,ExtraTrees,Baseline+NormVI,5,2;6;9;11;4,1.0,1.0,0.0,1.0
ieee14,RandomForest,Baseline+NormVI,5,2;6;9;11;4,1.0,1.0,0.0,1.0
ieee14,ExtraTrees,Baseline+NormVI+Rank,5,2;6;9;11;4,1.0,1.0,0.0,1.0
ieee14,RandomForest,Baseline+NormVI+Rank,5,2;6;9;11;4,1.0,1.0,0.0,1.0
ieee14,ExtraTrees,SpatialOnly,5,2;6;9;11;4,1.0,1.0,0.0,1.0
ieee14,RandomForest,SpatialOnly,5,2;6;9;11;4,1.0,1.0,0.0,1.0
ieee14,ExtraTrees,Baseline,14,1;2;3;4;5;6;7;8;9;10;11;12;13;14,1.0,1.0,0.0,1.0
ieee14,RandomForest,Baseline,14,1;2;3;4;5;6;7;8;9;10;11;12;13;14,1.0,1.0,0.0,1.0
ieee14,ExtraTrees,Baseline+NormVI,14,1;2;3;4;5;6;7;8;9;10;11;12;13;14,1.0,1.0,0.0,1.0
ieee14,RandomForest,Baseline+NormVI,14,1;2;3;4;5;6;7;8;9;10;11;12;13;14,0.9974489795918368,1.0,0.002551020408163265,1.0
ieee14,ExtraTrees,Baseline+NormVI+Rank,14,1;2;3;4;5;6;7;8;9;10;11;12;13;14,1.0,1.0,0.0,1.0
ieee14,RandomForest,Baseline+NormVI+Rank,14,1;2;3;4;5;6;7;8;9;10;11;12;13;14,1.0,1.0,0.0,1.0
ieee14,ExtraTrees,SpatialOnly,14,1;2;3;4;5;6;7;8;9;10;11;12;13;14,0.9974489795918368,1.0,0.002551020408163265,1.0
ieee14,RandomForest,SpatialOnly,14,1;2;3;4;5;6;7;8;9;10;11;12;13;14,0.9974489795918368,1.0,0.002551020408163265,1.0
ieee30,ExtraTrees,Baseline,3,6;1;2,1.0,1.0,0.0,1.0
ieee30,RandomForest,Baseline,3,6;1;2,1.0,1.0,0.0,1.0
ieee30,ExtraTrees,Baseline+NormVI,3,6;1;2,1.0,1.0,0.0,1.0
ieee30,RandomForest,Baseline+NormVI,3,6;1;2,1.0,1.0,0.0,1.0
ieee30,ExtraTrees,Baseline+NormVI+Rank,3,6;1;2,1.0,1.0,0.0,1.0
ieee30,RandomForest,Baseline+NormVI+Rank,3,6;1;2,1.0,1.0,0.0,1.0
ieee30,ExtraTrees,SpatialOnly,3,6;1;2,0.9785714285714285,0.9880952380952381,0.04880952380952381,1.0
ieee30,RandomForest,SpatialOnly,3,6;1;2,0.969047619047619,0.9857142857142858,0.05714285714285714,0.9976190476190476
ieee30,ExtraTrees,Baseline,5,6;1;2;3;4,1.0,1.0,0.0,1.0
ieee30,RandomForest,Baseline,5,6;1;2;3;4,1.0,1.0,0.0,1.0
ieee30,ExtraTrees,Baseline+NormVI,5,6;1;2;3;4,1.0,1.0,0.0,1.0
ieee30,RandomForest,Baseline+NormVI,5,6;1;2;3;4,1.0,1.0,0.0,1.0
ieee30,ExtraTrees,Baseline+NormVI+Rank,5,6;1;2;3;4,1.0,1.0,0.0,1.0
ieee30,RandomForest,Baseline+NormVI+Rank,5,6;1;2;3;4,1.0,1.0,0.0,1.0
ieee30,ExtraTrees,SpatialOnly,5,6;1;2;3;4,0.9880952380952381,0.9988095238095238,0.013095238095238096,1.0
ieee30,RandomForest,SpatialOnly,5,6;1;2;3;4,0.9880952380952381,0.9988095238095238,0.013095238095238096,1.0
ieee30,ExtraTrees,Baseline,30,1;2;3;4;5;6;7;8;9;10;11;12;13;14;15;16;17;18;19;20;21;22;23;24;25;26;27;28;29;30,1.0,1.0,0.0,1.0
ieee30,RandomForest,Baseline,30,1;2;3;4;5;6;7;8;9;10;11;12;13;14;15;16;17;18;19;20;21;22;23;24;25;26;27;28;29;30,1.0,1.0,0.0,1.0
ieee30,ExtraTrees,Baseline+NormVI,30,1;2;3;4;5;6;7;8;9;10;11;12;13;14;15;16;17;18;19;20;21;22;23;24;25;26;27;28;29;30,1.0,1.0,0.0,1.0
ieee30,RandomForest,Baseline+NormVI,30,1;2;3;4;5;6;7;8;9;10;11;12;13;14;15;16;17;18;19;20;21;22;23;24;25;26;27;28;29;30,1.0,1.0,0.0,1.0
ieee30,ExtraTrees,Baseline+NormVI+Rank,30,1;2;3;4;5;6;7;8;9;10;11;12;13;14;15;16;17;18;19;20;21;22;23;24;25;26;27;28;29;30,1.0,1.0,0.0,1.0
ieee30,RandomForest,Baseline+NormVI+Rank,30,1;2;3;4;5;6;7;8;9;10;11;12;13;14;15;16;17;18;19;20;21;22;23;24;25;26;27;28;29;30,1.0,1.0,0.0,1.0
ieee30,ExtraTrees,SpatialOnly,30,1;2;3;4;5;6;7;8;9;10;11;12;13;14;15;16;17;18;19;20;21;22;23;24;25;26;27;28;29;30,1.0,1.0,0.0,1.0
ieee30,RandomForest,SpatialOnly,30,1;2;3;4;5;6;7;8;9;10;11;12;13;14;15;16;17;18;19;20;21;22;23;24;25;26;27;28;29;30,1.0,1.0,0.0,1.0
